id,venda_id,produto_id,nome_produto,quantidade,preco_original,preco_vendido,desconto,bonus,subtotal,created_at,custo_unitario,kit_id,item_type
7f7a207c-0c93-48f4-8a13-9cea0a65ccd2,b6486d55-9452-48f4-ba05-340aa7ab716c,4cf02afa-5f5c-4c35-aebe-009b762a5e65,Cronograma 4 Passos,3,120,120,60,false,300,2026-03-14T00:33:43.907618+00:00,65,,produto
5b24cc4c-89e3-4108-84bc-c6ff15bca6c8,b6486d55-9452-48f4-ba05-340aa7ab716c,95d635ee-30e7-4c5a-b8bc-77475fc3f472,Shampoo 5L Arginina + Keratina,1,100,100,10,false,90,2026-03-14T00:33:43.907618+00:00,50,,produto
fe0c06cf-05e4-43ed-ab6f-da0781641708,b6486d55-9452-48f4-ba05-340aa7ab716c,729754d1-6c91-4956-8e70-9acdee255936,Botox Bio Vegano 1KG,1,200,200,0,false,200,2026-03-14T00:33:43.907618+00:00,65,,produto
b54adbdc-c77b-4afb-986d-b47b35083394,b6486d55-9452-48f4-ba05-340aa7ab716c,6b81407a-6dad-4bde-b300-9e27767cc754,Defrizante 1L,1,90,90,0,true,0,2026-03-14T00:33:43.907618+00:00,45,,produto
b428d2e3-98bc-4cc2-82ba-3ea0ce77f5ec,b6486d55-9452-48f4-ba05-340aa7ab716c,d770f4a4-1cdd-44ab-b37c-b50b5b4215ce,Dream Curly - At. Cachos,5,60,60,0,false,300,2026-03-14T00:33:43.907618+00:00,32,,produto
a336b168-7158-45c5-8867-f3c412346ae9,b6486d55-9452-48f4-ba05-340aa7ab716c,7dda8c61-2850-4ed5-873f-efd2f2e10e09,Ojon Repais 60 ML,3,40,40,15,false,105,2026-03-14T00:33:43.907618+00:00,21,,produto
78b24fb3-2913-4ba1-b9c9-5ed0d9c8750a,b6486d55-9452-48f4-ba05-340aa7ab716c,e8825e5c-d8b2-4c83-bc19-ba63bc6743d3,Serum Repair Macadâmia,3,30,30,15,false,75,2026-03-14T00:33:43.907618+00:00,15,,produto
4496672b-df9e-46d2-b7d1-d6f3bfa8a8ff,b6486d55-9452-48f4-ba05-340aa7ab716c,14854fa5-61bc-4e40-99af-610c7e95fc75,Shine Parfum,1,30,30,0,false,30,2026-03-14T00:33:43.907618+00:00,18,,produto
224b12eb-e0ad-4321-a818-02c35822b0c3,b6486d55-9452-48f4-ba05-340aa7ab716c,d3bdc39a-4199-4936-b462-7a6b87f0d220,Supreme Liss - Prog. Orgânica,1,300,300,0,false,300,2026-03-14T00:33:43.907618+00:00,80,,produto
c520fd10-bb57-4fc0-8edd-d13d894de0db,8a28baae-28a8-4293-a044-1201c226da97,7d91e638-7ce4-4fc5-ad43-22a4aac9b6d5,Kit Recuperação Extrema,1,190,200,0,false,200,2026-03-14T15:49:19.56577+00:00,97,2226c6ef-1524-4a0c-8c23-212efb54d06c,kit
0ed00600-24ae-4be9-8f8e-e52f532afccd,8a28baae-28a8-4293-a044-1201c226da97,e8825e5c-d8b2-4c83-bc19-ba63bc6743d3,Serum Repair Macadâmia,2,30,30,10,false,50,2026-03-14T15:49:19.56577+00:00,15,,produto
ca41eb38-2b20-4d5a-b032-b6337c92b4a3,0c2cf0a0-f500-4232-a200-327934bb1fac,729754d1-6c91-4956-8e70-9acdee255936,Botox Bio Vegano 1KG,1,200,200,0,false,200,2026-03-14T17:53:17.469391+00:00,65,,produto
1875ef13-b68c-43b9-bdda-4a9f51cbb834,0c2cf0a0-f500-4232-a200-327934bb1fac,7d91e638-7ce4-4fc5-ad43-22a4aac9b6d5,Defrizante 500ML,1,50,50,0,false,50,2026-03-14T17:53:17.469391+00:00,22,,produto
96981703-7c3f-4411-9c0b-7c330064c797,d6b6214c-09c6-44a9-b1d8-6b63bb0952af,95d635ee-30e7-4c5a-b8bc-77475fc3f472,Shampoo 5L Arginina + Keratina,2,100,75,0,false,150,2026-03-15T01:37:49.111153+00:00,50,,produto
7a15ae4f-cfa7-4559-98b6-cea21e092e90,d6b6214c-09c6-44a9-b1d8-6b63bb0952af,ab60a0a7-07da-49d3-8d63-dbbe32ba2624,Ultra Hidration,2,150,130,0,false,260,2026-03-15T01:37:49.111153+00:00,75,,produto
a1470156-6c31-4458-b520-e64d3e70f729,d6b6214c-09c6-44a9-b1d8-6b63bb0952af,7d91e638-7ce4-4fc5-ad43-22a4aac9b6d5,Defrizante 500ML,1,50,40,0,false,40,2026-03-15T01:37:49.111153+00:00,22,,produto
69f63910-30d1-4848-becd-ec7409b6d6e8,d6b6214c-09c6-44a9-b1d8-6b63bb0952af,d770f4a4-1cdd-44ab-b37c-b50b5b4215ce,Dream Curly - At. Cachos,2,60,45,0,false,90,2026-03-15T01:37:49.111153+00:00,32,,produto
bef19a35-e3df-4726-9de4-57207415b2d1,d6b6214c-09c6-44a9-b1d8-6b63bb0952af,2d3cefe8-94b5-44f9-af39-e2716e18e8db,Force Vector,1,120,120,0,false,120,2026-03-15T01:37:49.111153+00:00,65,,produto
2e10a113-2816-4b85-9727-1f1c3e886a41,d6b6214c-09c6-44a9-b1d8-6b63bb0952af,e8825e5c-d8b2-4c83-bc19-ba63bc6743d3,Serum Repair Macadâmia,9,30,25,0,false,225,2026-03-15T01:37:49.111153+00:00,15,,produto
43899937-ee49-4f4b-8513-a4cdaca15fc5,d6b6214c-09c6-44a9-b1d8-6b63bb0952af,729754d1-6c91-4956-8e70-9acdee255936,Botox Bio Vegano 1KG,1,200,200,0,false,200,2026-03-15T01:37:49.111153+00:00,65,,produto
aa03199f-7940-4d11-8504-da779a16008b,d6b6214c-09c6-44a9-b1d8-6b63bb0952af,7dda8c61-2850-4ed5-873f-efd2f2e10e09,Ojon Repais 60 ML,2,40,35,0,false,70,2026-03-15T01:37:49.111153+00:00,21,,produto
99c99368-f3fe-4c1f-a42b-60d4d5c531e8,af55b58a-f424-4f5d-b6a7-12e6c85920bb,95d635ee-30e7-4c5a-b8bc-77475fc3f472,Shampoo 5L Arginina + Keratina,1,100,70,0,false,70,2026-03-15T01:55:36.539404+00:00,50,,produto
1068044e-8916-4406-8b1d-88df5aa3a9b7,af55b58a-f424-4f5d-b6a7-12e6c85920bb,ab60a0a7-07da-49d3-8d63-dbbe32ba2624,Ultra Hidration,1,150,115,0,false,115,2026-03-15T01:55:36.539404+00:00,75,,produto
d01ae8c6-6d7d-429d-86fe-6f214750fc7b,cf5e6243-9585-422c-96c6-36cd9430406c,14854fa5-61bc-4e40-99af-610c7e95fc75,Shine Parfum,1,30,35,0,false,35,2026-03-15T02:06:11.890493+00:00,18,,produto
cb6c4bcf-2494-4d26-9427-091cf965bcfc,cf5e6243-9585-422c-96c6-36cd9430406c,6b81407a-6dad-4bde-b300-9e27767cc754,Defrizante 1L,1,90,80,0,false,80,2026-03-15T02:06:11.890493+00:00,45,,produto
59f5a320-552d-4d3f-85a9-1adf955e7905,0a9591d6-824d-465f-82a7-04383f075a93,729754d1-6c91-4956-8e70-9acdee255936,Botox Bio Vegano 1KG,1,200,200,0,false,200,2026-03-15T02:07:06.6085+00:00,65,,produto
bfdc9be2-2e88-4487-8e02-6358b9a5e918,0a9591d6-824d-465f-82a7-04383f075a93,d3bdc39a-4199-4936-b462-7a6b87f0d220,Supreme Liss - Prog. Orgânica,1,300,300,0,false,300,2026-03-15T02:07:06.6085+00:00,80,,produto
674b9f32-5d45-4974-b6d1-70ea574cce17,0a9591d6-824d-465f-82a7-04383f075a93,95d635ee-30e7-4c5a-b8bc-77475fc3f472,Shampoo 5L Arginina + Keratina,1,100,100,0,true,0,2026-03-15T02:07:06.6085+00:00,50,,produto
e5a9d8ce-1f13-4f93-8706-c12c1f404a1a,6bbc7f35-2fb0-4618-9807-5f6a1360424a,4cf02afa-5f5c-4c35-aebe-009b762a5e65,Cronograma 4 Passos,3,120,110,0,false,330,2026-03-15T02:11:48.82603+00:00,65,,produto
eca52f73-11ce-4372-a698-e2d09a9f993a,6bbc7f35-2fb0-4618-9807-5f6a1360424a,7d91e638-7ce4-4fc5-ad43-22a4aac9b6d5,Defrizante 500ML,4,50,30,0,false,120,2026-03-15T02:11:48.82603+00:00,22,,produto
7c1e752e-67b2-4e65-a2c3-4ac91c1793ad,63aa8c02-a58b-4655-babb-fa48edea770d,c2f9db98-c196-4eea-9d1a-b3a7f4b50718,Extreme cauterizze 4 passos 2 em 1,1,400,400,0,false,400,2026-03-15T02:17:57.556503+00:00,140,,produto
1da3f1b1-237e-404f-a741-bb687a43ce84,63aa8c02-a58b-4655-babb-fa48edea770d,729754d1-6c91-4956-8e70-9acdee255936,Botox Bio Vegano 1KG,2,200,200,50,false,350,2026-03-15T02:17:57.556503+00:00,65,,produto
316777aa-665b-49f0-a82d-a54bccb581b7,63aa8c02-a58b-4655-babb-fa48edea770d,14854fa5-61bc-4e40-99af-610c7e95fc75,Shine Parfum,1,30,30,0,true,0,2026-03-15T02:17:57.556503+00:00,18,,produto
0a76d098-f2dc-4140-9849-40b683880107,49516110-9986-4ebe-8447-8bb2ab272578,4cf02afa-5f5c-4c35-aebe-009b762a5e65,Cronograma 4 Passos,1,120,120,10,false,110,2026-03-15T02:35:07.268464+00:00,65,,produto
520cd490-d132-4dee-958b-7fa9cba0b37e,49516110-9986-4ebe-8447-8bb2ab272578,c2f9db98-c196-4eea-9d1a-b3a7f4b50718,Extreme cauterizze 4 passos 2 em 1,1,400,400,0,false,400,2026-03-15T02:35:07.268464+00:00,140,,produto
f7d226e7-a5b1-4118-a3e6-5c57579dba60,49516110-9986-4ebe-8447-8bb2ab272578,7d91e638-7ce4-4fc5-ad43-22a4aac9b6d5,Defrizante 500ML,1,50,50,0,false,50,2026-03-15T02:35:07.268464+00:00,22,,produto
656242dd-2e9c-44d8-91fa-44ef1d1ef100,49516110-9986-4ebe-8447-8bb2ab272578,95d635ee-30e7-4c5a-b8bc-77475fc3f472,Shampoo 5L Arginina + Keratina,1,100,100,20,false,80,2026-03-15T02:35:07.268464+00:00,50,,produto
c41a9942-795d-4ea7-aad8-b211f25bdc1d,49516110-9986-4ebe-8447-8bb2ab272578,d3bdc39a-4199-4936-b462-7a6b87f0d220,Supreme Liss - Prog. Orgânica,1,300,300,0,false,300,2026-03-15T02:35:07.268464+00:00,80,,produto
415f5ffd-545a-40ba-8851-eb325add7bcb,49516110-9986-4ebe-8447-8bb2ab272578,e8825e5c-d8b2-4c83-bc19-ba63bc6743d3,Serum Repair Macadâmia,3,30,30,15,false,75,2026-03-15T02:35:07.268464+00:00,15,,produto
6a6d40d5-1631-42e9-a800-7dc2c6a9762f,49516110-9986-4ebe-8447-8bb2ab272578,7dda8c61-2850-4ed5-873f-efd2f2e10e09,Ojon Repais 60 ML,3,40,40,15,false,105,2026-03-15T02:35:07.268464+00:00,21,,produto
70a59b62-eaeb-4a8f-95da-b0ea282162b1,49516110-9986-4ebe-8447-8bb2ab272578,14854fa5-61bc-4e40-99af-610c7e95fc75,Shine Parfum,6,30,30,0,false,180,2026-03-15T02:35:07.268464+00:00,18,,produto
5817bcac-9384-436f-82eb-15632ae233c2,e98b8220-d50b-426a-8945-55f3d1796a67,4cf02afa-5f5c-4c35-aebe-009b762a5e65,Cronograma 4 Passos,1,120,120,10,false,110,2026-03-15T02:41:16.571564+00:00,65,,produto
2081f192-0dcc-4754-99b5-6f2ac170cb83,e98b8220-d50b-426a-8945-55f3d1796a67,729754d1-6c91-4956-8e70-9acdee255936,Botox Bio Vegano 1KG,1,200,200,0,false,200,2026-03-15T02:41:16.571564+00:00,65,,produto
0d43e53c-2616-4298-a4d3-942a4198af04,e98b8220-d50b-426a-8945-55f3d1796a67,7d91e638-7ce4-4fc5-ad43-22a4aac9b6d5,Defrizante 500ML,1,50,50,0,true,0,2026-03-15T02:41:16.571564+00:00,22,,produto
c8a3ad05-be65-41b2-8785-91d5d1d13f2c,e98b8220-d50b-426a-8945-55f3d1796a67,2d3cefe8-94b5-44f9-af39-e2716e18e8db,Force Vector,1,120,120,10,false,110,2026-03-15T02:41:16.571564+00:00,65,,produto
c6339238-b606-476d-995b-d7eeadf01346,e98b8220-d50b-426a-8945-55f3d1796a67,14854fa5-61bc-4e40-99af-610c7e95fc75,Shine Parfum,6,30,30,0,false,180,2026-03-15T02:41:16.571564+00:00,18,,produto
75fba653-5295-4a92-b9ee-2aea84e08777,e98b8220-d50b-426a-8945-55f3d1796a67,7dda8c61-2850-4ed5-873f-efd2f2e10e09,Ojon Repais 60 ML,1,40,40,5,false,35,2026-03-15T02:41:16.571564+00:00,21,,produto
ac660dd9-0646-4eaf-bdbd-fc129cdc561e,e98b8220-d50b-426a-8945-55f3d1796a67,e8825e5c-d8b2-4c83-bc19-ba63bc6743d3,Serum Repair Macadâmia,2,30,30,10,false,50,2026-03-15T02:41:16.571564+00:00,15,,produto
a3804e8d-16ec-40fd-a83f-9891f4e05f68,e98b8220-d50b-426a-8945-55f3d1796a67,d770f4a4-1cdd-44ab-b37c-b50b5b4215ce,Dream Curly - At. Cachos,1,60,60,10,false,50,2026-03-15T02:41:16.571564+00:00,32,,produto
739af828-4b2f-41d9-b952-128fa820eca2,f29a0278-0756-4fed-bf4d-8b52fbcaf327,d3bdc39a-4199-4936-b462-7a6b87f0d220,Supreme Liss - Prog. Orgânica,1,300,300,0,false,300,2026-03-15T02:46:14.927836+00:00,80,,produto
8ecdceb3-9d69-465b-84e9-2015b85954a5,f29a0278-0756-4fed-bf4d-8b52fbcaf327,729754d1-6c91-4956-8e70-9acdee255936,Botox Bio Vegano 1KG,1,200,200,0,false,200,2026-03-15T02:46:14.927836+00:00,65,,produto
959af198-ca12-4102-be2a-0aaed2d57bbe,93478b13-b7d7-4f04-b846-f37781832136,4cf02afa-5f5c-4c35-aebe-009b762a5e65,Cronograma 4 Passos,2,120,120,40,false,200,2026-03-15T02:48:02.238568+00:00,65,,produto
60223d55-a19d-481f-b564-ebe884e277a1,93478b13-b7d7-4f04-b846-f37781832136,d770f4a4-1cdd-44ab-b37c-b50b5b4215ce,Dream Curly - At. Cachos,1,60,60,10,false,50,2026-03-15T02:48:02.238568+00:00,32,,produto
d58a585a-cd0c-4358-bcb0-0bce54a23d3c,93478b13-b7d7-4f04-b846-f37781832136,7dda8c61-2850-4ed5-873f-efd2f2e10e09,Ojon Repais 60 ML,3,40,40,15,false,105,2026-03-15T02:48:02.238568+00:00,21,,produto
29d83fe6-b116-47ea-b872-40a5b5172c22,ab32dbca-de7c-46ee-ac4e-b34a648bd3cf,7d91e638-7ce4-4fc5-ad43-22a4aac9b6d5,Defrizante 500ML,1,50,50,0,true,0,2026-03-15T02:51:23.152193+00:00,22,,produto
1d0e72e9-dd33-440e-b130-16ab47a68d57,ab32dbca-de7c-46ee-ac4e-b34a648bd3cf,d770f4a4-1cdd-44ab-b37c-b50b5b4215ce,Dream Curly - At. Cachos,2,60,60,0,false,120,2026-03-15T02:51:23.152193+00:00,32,,produto
9f895fcd-0383-4279-b940-93006e75b867,ab32dbca-de7c-46ee-ac4e-b34a648bd3cf,14854fa5-61bc-4e40-99af-610c7e95fc75,Shine Parfum,1,30,30,0,false,30,2026-03-15T02:51:23.152193+00:00,18,,produto
a31c6a5a-7366-488f-830e-15f8d10c224a,ab32dbca-de7c-46ee-ac4e-b34a648bd3cf,7dda8c61-2850-4ed5-873f-efd2f2e10e09,Ojon Repais 60 ML,3,40,40,15,false,105,2026-03-15T02:51:23.152193+00:00,21,,produto
4b3ff3c8-f58c-4dce-87fe-04246d88366d,ab32dbca-de7c-46ee-ac4e-b34a648bd3cf,e8825e5c-d8b2-4c83-bc19-ba63bc6743d3,Serum Repair Macadâmia,3,30,30,0,false,90,2026-03-15T02:51:23.152193+00:00,15,,produto
aac9ea03-701c-4b73-b3b3-580c43a0586a,da5d3a54-75c6-49ed-b5be-8deb27f53d0d,d3bdc39a-4199-4936-b462-7a6b87f0d220,Supreme Liss - Prog. Orgânica,2,300,300,0,false,600,2026-03-15T03:01:41.0956+00:00,80,,produto
0e4007f3-993a-4ff1-af62-3401e33c0533,da5d3a54-75c6-49ed-b5be-8deb27f53d0d,95d635ee-30e7-4c5a-b8bc-77475fc3f472,Shampoo 5L Arginina + Keratina,1,100,100,0,true,0,2026-03-15T03:01:41.0956+00:00,50,,produto
8b93fafd-fa18-4664-a669-5169578f5e3b,da5d3a54-75c6-49ed-b5be-8deb27f53d0d,e8825e5c-d8b2-4c83-bc19-ba63bc6743d3,Serum Repair Macadâmia,3,30,30,15,false,75,2026-03-15T03:01:41.0956+00:00,15,,produto
65dee418-cb15-40fd-a766-0fb835331582,da5d3a54-75c6-49ed-b5be-8deb27f53d0d,7dda8c61-2850-4ed5-873f-efd2f2e10e09,Ojon Repais 60 ML,3,40,40,15,false,105,2026-03-15T03:01:41.0956+00:00,21,,produto
6d234f5e-82a3-4642-a520-801354725444,c0a07577-cae6-49d1-8484-0c22ea2b6ad1,729754d1-6c91-4956-8e70-9acdee255936,Botox Bio Vegano 1KG,1,200,200,0,false,200,2026-03-15T03:04:56.384541+00:00,65,,produto
1bfb967c-ff4f-4f71-8134-1a0b1c83ae7c,0fd5f272-73b6-4341-a55d-646849364e2b,d3bdc39a-4199-4936-b462-7a6b87f0d220,Supreme Liss - Prog. Orgânica,1,300,300,0,false,300,2026-03-15T03:05:37.426489+00:00,80,,produto
67379ebf-0725-4edd-9d5b-81e08ef9c7dc,0fd5f272-73b6-4341-a55d-646849364e2b,e8825e5c-d8b2-4c83-bc19-ba63bc6743d3,Serum Repair Macadâmia,1,30,30,5,false,25,2026-03-15T03:05:37.426489+00:00,15,,produto
0464ef02-2007-4385-bf8f-143c41333462,a35cf0ea-ce81-4b91-b216-441f0c379e66,7d91e638-7ce4-4fc5-ad43-22a4aac9b6d5,Defrizante 500ML,1,50,50,0,false,50,2026-03-15T03:05:57.859605+00:00,22,,produto
1ca84593-6781-4d21-8bfd-812d224b497b,78300772-d6ad-4782-913f-e773879b139a,7dda8c61-2850-4ed5-873f-efd2f2e10e09,Ojon Repais 60 ML,3,40,40,15,false,105,2026-03-15T03:06:55.026523+00:00,21,,produto
35505916-5d45-41e6-8c97-216d35dd01b0,c06b8bfb-229a-4972-b889-2a6f25bad6dc,7dda8c61-2850-4ed5-873f-efd2f2e10e09,Ojon Repais 60 ML,4,40,40,20,false,140,2026-03-15T03:08:30.149772+00:00,21,,produto
de3fa2de-9ee6-49bd-97ba-5915b5210607,c06b8bfb-229a-4972-b889-2a6f25bad6dc,14854fa5-61bc-4e40-99af-610c7e95fc75,Shine Parfum,4,30,30,0,false,120,2026-03-15T03:08:30.149772+00:00,18,,produto
68884591-668d-4c12-9f9b-3b3adf08451f,3bd8b9c1-e092-41cf-ae7c-8b5a492d487a,7dda8c61-2850-4ed5-873f-efd2f2e10e09,Ojon Repais 60 ML,1,40,40,5,false,35,2026-03-15T03:09:44.684315+00:00,21,,produto
28414055-a8c0-4800-a4de-d718dbfcabaf,3bd8b9c1-e092-41cf-ae7c-8b5a492d487a,d3bdc39a-4199-4936-b462-7a6b87f0d220,Supreme Liss - Prog. Orgânica,1,300,300,0,false,300,2026-03-15T03:09:44.684315+00:00,80,,produto
52aad011-9870-4975-998f-5fd4e5fce697,a0208306-ed55-4cae-ac28-a0ce5f0a9df7,14854fa5-61bc-4e40-99af-610c7e95fc75,Shine Parfum,2,30,30,0,false,60,2026-03-15T03:16:17.741661+00:00,18,,produto
36a34a61-1cda-45bb-b0bc-736b2b3dede1,a0208306-ed55-4cae-ac28-a0ce5f0a9df7,4cf02afa-5f5c-4c35-aebe-009b762a5e65,Cronograma 4 Passos,2,120,120,20,false,220,2026-03-15T03:16:17.741661+00:00,65,,produto
0df3361c-a56e-4437-ac1f-1ff1fffcb12e,ffcaf195-600f-47af-9316-c9bb81b85efe,c2f9db98-c196-4eea-9d1a-b3a7f4b50718,Extreme cauterizze 4 passos 2 em 1,1,400,400,50,false,350,2026-03-15T03:17:54.638013+00:00,140,,produto
6cb34784-385a-4c39-b97d-957f8a808194,007c1f91-4678-4dc3-8169-2756647da218,c2f9db98-c196-4eea-9d1a-b3a7f4b50718,Extreme cauterizze 4 passos 2 em 1,1,400,400,0,false,400,2026-03-15T03:22:27.851004+00:00,140,,produto
1e9645ec-a2a8-4523-822a-c96489884d6d,007c1f91-4678-4dc3-8169-2756647da218,d3bdc39a-4199-4936-b462-7a6b87f0d220,Supreme Liss - Prog. Orgânica,1,300,300,0,false,300,2026-03-15T03:22:27.851004+00:00,80,,produto
8ca605f9-7c07-4b90-a73f-3852083e3a25,b353cafc-6b93-41a1-b5dc-88ce998033ac,4cf02afa-5f5c-4c35-aebe-009b762a5e65,Cronograma 4 Passos,4,120,120,80,false,400,2026-03-15T03:24:37.186574+00:00,65,,produto
0322af18-0772-4784-95b4-c70111d44ee6,b353cafc-6b93-41a1-b5dc-88ce998033ac,d770f4a4-1cdd-44ab-b37c-b50b5b4215ce,Dream Curly - At. Cachos,1,60,60,0,false,60,2026-03-15T03:24:37.186574+00:00,32,,produto
2237e40d-cbc8-410a-9a69-8c02d169bd1c,fd93b0b3-90e4-41f2-b907-bef59ae0612a,7d91e638-7ce4-4fc5-ad43-22a4aac9b6d5,Defrizante 500ML,1,50,50,0,false,50,2026-03-15T03:26:16.672419+00:00,22,,produto
d584c3ee-412f-4dc3-886b-e791866e2df1,fd93b0b3-90e4-41f2-b907-bef59ae0612a,729754d1-6c91-4956-8e70-9acdee255936,Botox Bio Vegano 1KG,1,200,200,0,false,200,2026-03-15T03:26:16.672419+00:00,65,,produto
68384e72-1b07-496e-9d3f-c7c0e84de483,fd93b0b3-90e4-41f2-b907-bef59ae0612a,d3bdc39a-4199-4936-b462-7a6b87f0d220,Supreme Liss - Prog. Orgânica,1,300,300,0,false,300,2026-03-15T03:26:16.672419+00:00,80,,produto
4647ab52-ba3f-4998-88f5-b0d2af3927e0,fd93b0b3-90e4-41f2-b907-bef59ae0612a,14854fa5-61bc-4e40-99af-610c7e95fc75,Shine Parfum,1,30,30,0,false,30,2026-03-15T03:26:16.672419+00:00,18,,produto
5f134cb7-6015-43a6-a861-d9d0b620ea50,fd93b0b3-90e4-41f2-b907-bef59ae0612a,7dda8c61-2850-4ed5-873f-efd2f2e10e09,Ojon Repais 60 ML,1,40,40,5,false,35,2026-03-15T03:26:16.672419+00:00,21,,produto
4b2ddf71-00da-47bc-b2df-db3ee81807ff,c4d10401-2ec8-4b47-a0ad-467a9d5d0ddb,729754d1-6c91-4956-8e70-9acdee255936,Botox Bio Vegano 1KG,1,200,200,0,false,200,2026-03-15T03:27:25.292081+00:00,65,,produto
a90ff5a3-e400-445b-8259-749f4f9dc22a,c4d10401-2ec8-4b47-a0ad-467a9d5d0ddb,d3bdc39a-4199-4936-b462-7a6b87f0d220,Supreme Liss - Prog. Orgânica,1,300,300,0,false,300,2026-03-15T03:27:25.292081+00:00,80,,produto
0cc821ba-1cb1-4ff7-9c0a-e728d97b272c,c4d10401-2ec8-4b47-a0ad-467a9d5d0ddb,7dda8c61-2850-4ed5-873f-efd2f2e10e09,Ojon Repais 60 ML,1,40,40,5,false,35,2026-03-15T03:27:25.292081+00:00,21,,produto
c9d679cc-dc42-47d4-9f53-b7e3f31cb83e,c4d10401-2ec8-4b47-a0ad-467a9d5d0ddb,e8825e5c-d8b2-4c83-bc19-ba63bc6743d3,Serum Repair Macadâmia,4,30,30,20,false,100,2026-03-15T03:27:25.292081+00:00,15,,produto
fe7b07c9-167e-4417-870a-7995f966cb36,96d26b08-58ae-4c71-a6b1-f126e95334a6,4cf02afa-5f5c-4c35-aebe-009b762a5e65,Cronograma 4 Passos,2,120,120,40,false,200,2026-03-15T03:29:03.840079+00:00,65,,produto
e5653254-4bd8-48de-ba24-175bf9576e89,96d26b08-58ae-4c71-a6b1-f126e95334a6,7dda8c61-2850-4ed5-873f-efd2f2e10e09,Ojon Repais 60 ML,2,40,40,10,false,70,2026-03-15T03:29:03.840079+00:00,21,,produto
8a5cc536-424b-450a-a5a5-ad0ff5ab9772,6b84a089-4a47-4016-9fa2-3ca6dc8f487d,14854fa5-61bc-4e40-99af-610c7e95fc75,Shine Parfum,4,30,30,0,false,120,2026-03-15T03:29:53.63703+00:00,18,,produto
d7b9d135-e364-446e-aa04-4cca2294a7a4,6b84a089-4a47-4016-9fa2-3ca6dc8f487d,7d91e638-7ce4-4fc5-ad43-22a4aac9b6d5,Defrizante 500ML,2,50,50,0,false,100,2026-03-15T03:29:53.63703+00:00,22,,produto
43aafdf8-2674-4432-96b9-bfc280af845e,b3974d2a-767d-49ef-b989-6cd223769b88,729754d1-6c91-4956-8e70-9acdee255936,Botox Bio Vegano 1KG,1,200,200,0,false,200,2026-03-15T03:30:14.864708+00:00,65,,produto
44bfea3e-546c-4007-a8f6-f4f82ca3c356,79853d0e-d29c-4a78-8ab6-9ceec84d069a,729754d1-6c91-4956-8e70-9acdee255936,Botox Bio Vegano 1KG,2,200,200,0,false,400,2026-03-15T03:31:23.793988+00:00,65,,produto
8f6de5e8-7671-4768-b2ad-f1deac4cf152,79853d0e-d29c-4a78-8ab6-9ceec84d069a,7dda8c61-2850-4ed5-873f-efd2f2e10e09,Ojon Repais 60 ML,1,40,40,5,false,35,2026-03-15T03:31:23.793988+00:00,21,,produto
286ef1bd-dc7d-48aa-98ca-93df2cf19f56,6f5c5b30-3c62-4e57-a4b5-ea4d9387e4af,4cf02afa-5f5c-4c35-aebe-009b762a5e65,Cronograma 4 Passos,1,120,120,0,false,120,2026-03-15T03:33:02.305831+00:00,65,,produto
08aa7751-330c-4bf9-9517-66a6f09340ae,6f5c5b30-3c62-4e57-a4b5-ea4d9387e4af,95d635ee-30e7-4c5a-b8bc-77475fc3f472,Shampoo 5L Arginina + Keratina,1,100,100,10,false,90,2026-03-15T03:33:02.305831+00:00,50,,produto
f2117c26-0706-49d8-af9b-8b6cd95c711a,9c194b97-1dc6-4a37-a708-f1013c646eee,c2f9db98-c196-4eea-9d1a-b3a7f4b50718,Extreme cauterizze 4 passos 2 em 1,1,400,400,0,false,400,2026-03-15T03:33:59.595798+00:00,140,,produto
29302c2e-54d4-43db-9791-7fd4d56ac35a,9c194b97-1dc6-4a37-a708-f1013c646eee,7dda8c61-2850-4ed5-873f-efd2f2e10e09,Ojon Repais 60 ML,2,40,40,10,false,70,2026-03-15T03:33:59.595798+00:00,21,,produto
9c9d1106-d145-440b-8169-7700c41406fe,9c194b97-1dc6-4a37-a708-f1013c646eee,14854fa5-61bc-4e40-99af-610c7e95fc75,Shine Parfum,1,30,30,0,false,30,2026-03-15T03:33:59.595798+00:00,18,,produto
68864d78-94d5-4c65-b36d-32f0d3263580,b2549f32-5937-4c1f-85ca-af33aa510383,c2f9db98-c196-4eea-9d1a-b3a7f4b50718,Extreme cauterizze 4 passos 2 em 1,1,400,400,0,false,400,2026-03-15T03:35:36.92796+00:00,140,,produto
534d0c59-a014-4bde-92f3-97a5ccb4b2f3,b2549f32-5937-4c1f-85ca-af33aa510383,95d635ee-30e7-4c5a-b8bc-77475fc3f472,Shampoo 5L Arginina + Keratina,1,100,100,10,false,90,2026-03-15T03:35:36.92796+00:00,50,,produto
dfbdd6ef-8f1a-428d-8b37-5f15ba6bf877,b2549f32-5937-4c1f-85ca-af33aa510383,d3bdc39a-4199-4936-b462-7a6b87f0d220,Supreme Liss - Prog. Orgânica,1,300,300,0,false,300,2026-03-15T03:35:36.92796+00:00,80,,produto
879f1ac3-c5a6-431f-8a4a-7fb8edd63039,b2549f32-5937-4c1f-85ca-af33aa510383,7dda8c61-2850-4ed5-873f-efd2f2e10e09,Ojon Repais 60 ML,4,40,40,20,false,140,2026-03-15T03:35:36.92796+00:00,21,,produto
3dd4ce3b-7017-4b7c-a49f-264cab33c0c2,b2549f32-5937-4c1f-85ca-af33aa510383,6b81407a-6dad-4bde-b300-9e27767cc754,Defrizante 1L,1,90,90,0,false,90,2026-03-15T03:35:36.92796+00:00,45,,produto
4280f023-ae04-4562-8c39-fa126482d253,7218cb3d-7423-4a23-b0cb-0826e21cd213,c2f9db98-c196-4eea-9d1a-b3a7f4b50718,Extreme cauterizze 4 passos 2 em 1,1,400,400,0,false,400,2026-03-15T03:39:15.723341+00:00,140,,produto
5d4e73c2-7069-437e-a638-cfe79c000924,7218cb3d-7423-4a23-b0cb-0826e21cd213,729754d1-6c91-4956-8e70-9acdee255936,Botox Bio Vegano 1KG,1,200,200,0,false,200,2026-03-15T03:39:15.723341+00:00,65,,produto
8e44d064-4916-4019-9b5e-e7f5000755d3,7218cb3d-7423-4a23-b0cb-0826e21cd213,14854fa5-61bc-4e40-99af-610c7e95fc75,Shine Parfum,10,30,30,30,false,270,2026-03-15T03:39:15.723341+00:00,18,,produto
0f96b0ae-a09d-4b6d-b7fb-008033f14435,7218cb3d-7423-4a23-b0cb-0826e21cd213,7dda8c61-2850-4ed5-873f-efd2f2e10e09,Ojon Repais 60 ML,15,40,35,75,false,450,2026-03-15T03:39:15.723341+00:00,21,,produto
db8a7551-e3fa-4827-8bc4-126857138958,bbe34cbd-c564-40d5-9e42-07ff37f1b2bb,7d91e638-7ce4-4fc5-ad43-22a4aac9b6d5,Kit Recuperação Extrema,1,190,200,10,false,190,2026-03-15T03:44:26.624388+00:00,97,2226c6ef-1524-4a0c-8c23-212efb54d06c,kit
a20b0740-ebae-46c5-b40b-ebd7f4b92332,bbe34cbd-c564-40d5-9e42-07ff37f1b2bb,7dda8c61-2850-4ed5-873f-efd2f2e10e09,Ojon Repais 60 ML,1,40,40,5,false,35,2026-03-15T03:44:26.624388+00:00,21,,produto
12c61307-afe5-4d4d-8cca-bc7a7b4def07,35be2836-b7c9-422e-b4c5-336dc822da4e,c2f9db98-c196-4eea-9d1a-b3a7f4b50718,Extreme cauterizze 4 passos 2 em 1,1,400,400,0,false,400,2026-03-15T03:45:14.181716+00:00,140,,produto
47cf4890-482a-4104-801e-0f79e6f19d88,35be2836-b7c9-422e-b4c5-336dc822da4e,7d91e638-7ce4-4fc5-ad43-22a4aac9b6d5,Kit Recuperação Extrema,1,190,190,0,false,190,2026-03-15T03:45:14.181716+00:00,97,2226c6ef-1524-4a0c-8c23-212efb54d06c,kit
f7f12297-6e15-4089-9ddf-3d101f1fe16b,35be2836-b7c9-422e-b4c5-336dc822da4e,14854fa5-61bc-4e40-99af-610c7e95fc75,Shine Parfum,1,30,30,0,false,30,2026-03-15T03:45:14.181716+00:00,18,,produto
f3a4da1c-9e9c-4351-95ad-a8a7324ba03a,35be2836-b7c9-422e-b4c5-336dc822da4e,7dda8c61-2850-4ed5-873f-efd2f2e10e09,Ojon Repais 60 ML,1,40,40,5,false,35,2026-03-15T03:45:14.181716+00:00,21,,produto
a5e016de-1aa0-4638-bc1a-cf7fafab5691,02191adf-52c2-47ac-8c11-63690a80447f,729754d1-6c91-4956-8e70-9acdee255936,Botox Bio Vegano 1KG,1,200,200,0,true,0,2026-03-15T03:46:23.76084+00:00,65,,produto
b31ef1cd-4504-4e24-a7c7-afe1cc49513e,02191adf-52c2-47ac-8c11-63690a80447f,c2f9db98-c196-4eea-9d1a-b3a7f4b50718,Extreme cauterizze 4 passos 2 em 1,1,400,400,0,false,400,2026-03-15T03:46:23.76084+00:00,140,,produto
49c814de-fc47-4a94-961f-c512f804135f,02191adf-52c2-47ac-8c11-63690a80447f,95d635ee-30e7-4c5a-b8bc-77475fc3f472,Shampoo 5L Arginina + Keratina,1,100,100,10,false,90,2026-03-15T03:46:23.76084+00:00,50,,produto
f8244d12-e726-4cda-a6c4-41e0717c306e,02191adf-52c2-47ac-8c11-63690a80447f,14854fa5-61bc-4e40-99af-610c7e95fc75,Shine Parfum,1,30,30,0,false,30,2026-03-15T03:46:23.76084+00:00,18,,produto
3f3b5474-9c4e-410a-b6b0-81bca091fd8f,02191adf-52c2-47ac-8c11-63690a80447f,7dda8c61-2850-4ed5-873f-efd2f2e10e09,Ojon Repais 60 ML,1,40,40,0,false,40,2026-03-15T03:46:23.76084+00:00,21,,produto
1e3607b6-fc72-4aaa-9007-535da07dd5ef,02191adf-52c2-47ac-8c11-63690a80447f,6b81407a-6dad-4bde-b300-9e27767cc754,Defrizante 1L,1,90,90,0,false,90,2026-03-15T03:46:23.76084+00:00,45,,produto
4c30c510-ce3c-4850-85ae-c15a74048711,56e3283f-d388-4045-b90b-22433c27b688,729754d1-6c91-4956-8e70-9acdee255936,Botox Bio Vegano 1KG,1,200,200,0,false,200,2026-03-15T03:47:22.288934+00:00,65,,produto
68857e8e-0a15-4bb1-9386-8b5617e5ca0d,56e3283f-d388-4045-b90b-22433c27b688,d3bdc39a-4199-4936-b462-7a6b87f0d220,Supreme Liss - Prog. Orgânica,1,300,300,0,false,300,2026-03-15T03:47:22.288934+00:00,80,,produto
1296cdab-e26d-4053-af32-4b71eb6d3467,3f4edfd1-9e24-4415-86e7-2e3d7f74eaae,14854fa5-61bc-4e40-99af-610c7e95fc75,Shine Parfum,1,30,30,0,false,30,2026-03-15T03:48:40.533091+00:00,18,,produto
443c59b6-ae7d-44a1-9459-71f4a36d3974,3f4edfd1-9e24-4415-86e7-2e3d7f74eaae,7dda8c61-2850-4ed5-873f-efd2f2e10e09,Ojon Repais 60 ML,2,40,40,10,false,70,2026-03-15T03:48:40.533091+00:00,21,,produto
d45c119c-8a0e-486a-afaa-8264ae82cd9a,3f4edfd1-9e24-4415-86e7-2e3d7f74eaae,e8825e5c-d8b2-4c83-bc19-ba63bc6743d3,Serum Repair Macadâmia,2,30,30,10,false,50,2026-03-15T03:48:40.533091+00:00,15,,produto
85174330-6977-4eda-bebe-891c97e2c9de,3f4edfd1-9e24-4415-86e7-2e3d7f74eaae,6b81407a-6dad-4bde-b300-9e27767cc754,Defrizante 1L,1,90,90,0,false,90,2026-03-15T03:48:40.533091+00:00,45,,produto
f64844e5-aca2-4a20-9e48-cfb0e573fbc7,794bca7e-92a4-4941-b8f6-14ea04222df5,4cf02afa-5f5c-4c35-aebe-009b762a5e65,Cronograma 4 Passos,1,120,120,0,false,120,2026-03-15T11:40:51.254133+00:00,65,,produto
daeb24d7-d24f-4ed9-ab83-8ea04c46d01e,794bca7e-92a4-4941-b8f6-14ea04222df5,c2f9db98-c196-4eea-9d1a-b3a7f4b50718,Extreme cauterizze 4 passos 2 em 1,1,400,400,0,false,400,2026-03-15T11:40:51.254133+00:00,140,,produto
fc6dc9f8-e1fb-4934-a9a2-16bd924ed05a,794bca7e-92a4-4941-b8f6-14ea04222df5,14854fa5-61bc-4e40-99af-610c7e95fc75,Shine Parfum,2,30,30,0,false,60,2026-03-15T11:40:51.254133+00:00,18,,produto
11e10c4f-6412-457d-8cff-f91479e22ede,794bca7e-92a4-4941-b8f6-14ea04222df5,7dda8c61-2850-4ed5-873f-efd2f2e10e09,Ojon Repais 60 ML,3,40,40,15,false,105,2026-03-15T11:40:51.254133+00:00,21,,produto
0dd5d223-4ace-47bd-88ef-853d33ff5aa9,794bca7e-92a4-4941-b8f6-14ea04222df5,e8825e5c-d8b2-4c83-bc19-ba63bc6743d3,Serum Repair Macadâmia,3,30,30,15,false,75,2026-03-15T11:40:51.254133+00:00,15,,produto
f5aac7f8-1b4f-425a-af73-1995f0b133a5,794bca7e-92a4-4941-b8f6-14ea04222df5,95d635ee-30e7-4c5a-b8bc-77475fc3f472,Shampoo 5L Arginina + Keratina,1,100,100,0,true,0,2026-03-15T11:40:51.254133+00:00,50,,produto
64a8c346-ee90-4491-a6a4-a0de19885ff7,b6837e7a-b040-4523-87de-dab3ef7d0f60,729754d1-6c91-4956-8e70-9acdee255936,Botox Bio Vegano 1KG,1,200,200,0,false,200,2026-03-16T02:23:25.934042+00:00,65,,produto
e944d993-d98e-41a5-a505-10f964e76604,b6837e7a-b040-4523-87de-dab3ef7d0f60,14854fa5-61bc-4e40-99af-610c7e95fc75,Shine Parfum,1,30,30,0,false,30,2026-03-16T02:23:25.934042+00:00,18,,produto
cc481610-e361-4a77-9fc5-8fe20ec26a12,b6837e7a-b040-4523-87de-dab3ef7d0f60,7dda8c61-2850-4ed5-873f-efd2f2e10e09,Ojon Repais 60 ML,6,40,40,30,false,210,2026-03-16T02:23:25.934042+00:00,21,,produto
8db96fe9-87fc-4cdc-ad97-32d4d91a1c7f,c655b76b-52b1-4d7b-a607-cbe19ae7a6d4,4cf02afa-5f5c-4c35-aebe-009b762a5e65,Cronograma 4 Passos,4,120,120,80,false,400,2026-03-16T02:26:43.890152+00:00,65,,produto
c00f1b06-289b-46c6-949d-8184061af8ff,c655b76b-52b1-4d7b-a607-cbe19ae7a6d4,c2f9db98-c196-4eea-9d1a-b3a7f4b50718,Extreme cauterizze 4 passos 2 em 1,1,400,400,0,false,400,2026-03-16T02:26:43.890152+00:00,140,,produto
45d09fd4-8f85-48fe-919c-ca46dd55c0c8,c655b76b-52b1-4d7b-a607-cbe19ae7a6d4,d3bdc39a-4199-4936-b462-7a6b87f0d220,Supreme Liss - Prog. Orgânica,1,300,300,0,false,300,2026-03-16T02:26:43.890152+00:00,80,,produto
0cf43c53-a582-4db7-9cde-d7a40ae6aae8,c655b76b-52b1-4d7b-a607-cbe19ae7a6d4,14854fa5-61bc-4e40-99af-610c7e95fc75,Shine Parfum,6,30,30,0,false,180,2026-03-16T02:26:43.890152+00:00,18,,produto
e4652ca9-6135-47e6-9302-c6b17056a9d5,c655b76b-52b1-4d7b-a607-cbe19ae7a6d4,7dda8c61-2850-4ed5-873f-efd2f2e10e09,Ojon Repais 60 ML,1,40,40,5,false,35,2026-03-16T02:26:43.890152+00:00,21,,produto
e89f16ee-6ea6-4fbc-8011-b079982b8485,c655b76b-52b1-4d7b-a607-cbe19ae7a6d4,e8825e5c-d8b2-4c83-bc19-ba63bc6743d3,Serum Repair Macadâmia,1,30,30,5,false,25,2026-03-16T02:26:43.890152+00:00,15,,produto
6b7c94a3-b972-4b18-9470-2791b1dae406,c655b76b-52b1-4d7b-a607-cbe19ae7a6d4,729754d1-6c91-4956-8e70-9acdee255936,Botox Bio Vegano 1KG,1,200,200,0,true,0,2026-03-16T02:26:43.890152+00:00,65,,produto
ecb47fa1-a38b-47f4-8d68-a674ebdbf90d,2afc7b19-f380-472e-9ce7-c9747089a720,4cf02afa-5f5c-4c35-aebe-009b762a5e65,Cronograma 4 Passos,2,120,120,40,false,200,2026-03-16T02:27:53.263701+00:00,65,,produto
b01a84bd-5ba5-4d26-af13-2cceba879e85,2afc7b19-f380-472e-9ce7-c9747089a720,c2f9db98-c196-4eea-9d1a-b3a7f4b50718,Extreme cauterizze 4 passos 2 em 1,1,400,400,0,false,400,2026-03-16T02:27:53.263701+00:00,140,,produto
c08c2939-18cd-4f31-ba3d-7f972ccb0bd9,2afc7b19-f380-472e-9ce7-c9747089a720,7dda8c61-2850-4ed5-873f-efd2f2e10e09,Ojon Repais 60 ML,6,40,40,30,false,210,2026-03-16T02:27:53.263701+00:00,21,,produto
0c052bd8-3f3a-46f1-8de5-f4c5a446ca48,2afc7b19-f380-472e-9ce7-c9747089a720,14854fa5-61bc-4e40-99af-610c7e95fc75,Shine Parfum,1,30,30,0,false,30,2026-03-16T02:27:53.263701+00:00,18,,produto
575ac02b-1b4f-499f-adcc-e41b21c1e834,7f2c925a-9074-4c1f-b724-8692385a57dd,4cf02afa-5f5c-4c35-aebe-009b762a5e65,Cronograma 4 Passos,3,120,120,60,false,300,2026-03-16T02:29:37.358841+00:00,65,,produto
302ecf54-e4ee-4390-bb48-7b6a9d241878,7f2c925a-9074-4c1f-b724-8692385a57dd,c2f9db98-c196-4eea-9d1a-b3a7f4b50718,Extreme cauterizze 4 passos 2 em 1,1,400,400,0,false,400,2026-03-16T02:29:37.358841+00:00,140,,produto
d3379d36-c664-4a44-a630-2801f7bd380f,7f2c925a-9074-4c1f-b724-8692385a57dd,95d635ee-30e7-4c5a-b8bc-77475fc3f472,Shampoo 5L Arginina + Keratina,1,100,100,10,false,90,2026-03-16T02:29:37.358841+00:00,50,,produto
28e4affe-6120-4d26-9e41-5ef7a3d6eefb,7f2c925a-9074-4c1f-b724-8692385a57dd,d770f4a4-1cdd-44ab-b37c-b50b5b4215ce,Dream Curly - At. Cachos,1,60,60,10,false,50,2026-03-16T02:29:37.358841+00:00,32,,produto
8bba4475-47db-4ad2-955f-cf954723c090,7f2c925a-9074-4c1f-b724-8692385a57dd,7dda8c61-2850-4ed5-873f-efd2f2e10e09,Ojon Repais 60 ML,4,40,40,20,false,140,2026-03-16T02:29:37.358841+00:00,21,,produto
6b2daade-d232-4407-9a39-dec1f8d4da56,15bcd71a-9170-4dec-a3d7-79fad03f4eaa,ab60a0a7-07da-49d3-8d63-dbbe32ba2624,Ultra Hidration,1,150,150,108,false,42,2026-03-16T02:32:20.155975+00:00,75,,produto
2d48d02e-b4a5-4f14-ad59-ccf39bc8badf,15bcd71a-9170-4dec-a3d7-79fad03f4eaa,95d635ee-30e7-4c5a-b8bc-77475fc3f472,Shampoo 5L Arginina + Keratina,1,100,100,10,false,90,2026-03-16T02:32:20.155975+00:00,50,,produto
3fb11db7-7dd6-4056-beb4-69771d1db4e4,15bcd71a-9170-4dec-a3d7-79fad03f4eaa,e8825e5c-d8b2-4c83-bc19-ba63bc6743d3,Serum Repair Macadâmia,1,30,30,5,false,25,2026-03-16T02:32:20.155975+00:00,15,,produto
1891a5ce-2409-41fe-ad39-3d776533a617,15bcd71a-9170-4dec-a3d7-79fad03f4eaa,6b81407a-6dad-4bde-b300-9e27767cc754,Defrizante 1L,1,90,90,0,false,90,2026-03-16T02:32:20.155975+00:00,45,,produto
55173494-c178-451d-af38-9c7378a9bfd1,752bfc1b-3782-4817-b20d-8980290d21a8,4cf02afa-5f5c-4c35-aebe-009b762a5e65,Cronograma 4 Passos,1,120,120,0,false,120,2026-03-16T02:33:22.557075+00:00,65,,produto
efe7feed-1367-492c-9f6f-a1d03080049d,752bfc1b-3782-4817-b20d-8980290d21a8,d3bdc39a-4199-4936-b462-7a6b87f0d220,Supreme Liss - Prog. Orgânica,1,300,300,0,false,300,2026-03-16T02:33:22.557075+00:00,80,,produto
75e2dcc3-0bf7-4970-ab6d-99a8b761ba76,752bfc1b-3782-4817-b20d-8980290d21a8,14854fa5-61bc-4e40-99af-610c7e95fc75,Shine Parfum,6,30,30,0,false,180,2026-03-16T02:33:22.557075+00:00,18,,produto
24ba734b-e4b8-4d52-8639-5d97f519db4f,752bfc1b-3782-4817-b20d-8980290d21a8,e8825e5c-d8b2-4c83-bc19-ba63bc6743d3,Serum Repair Macadâmia,6,30,30,30,false,150,2026-03-16T02:33:22.557075+00:00,15,,produto
44109522-7283-40e6-978c-1c828f55aae4,752bfc1b-3782-4817-b20d-8980290d21a8,7dda8c61-2850-4ed5-873f-efd2f2e10e09,Ojon Repais 60 ML,6,40,40,30,false,210,2026-03-16T02:33:22.557075+00:00,21,,produto
3b09bc0b-0bce-4d94-8772-aae80cee9bb7,3f0a4dcc-26b0-4102-a845-b50bb6b0f867,729754d1-6c91-4956-8e70-9acdee255936,Botox Bio Vegano 1KG,1,200,200,0,false,200,2026-03-16T02:34:55.905625+00:00,65,,produto
9f4df5c6-3109-4668-9fc9-28c826fcc6eb,f1c67a94-0ad7-47fe-9a6c-b4fa8098dcc9,4cf02afa-5f5c-4c35-aebe-009b762a5e65,Cronograma 4 Passos,4,120,120,80,false,400,2026-03-16T02:36:28.635088+00:00,65,,produto
8d20c4e1-def5-4d3d-91ae-f3f80467459f,f1c67a94-0ad7-47fe-9a6c-b4fa8098dcc9,7dda8c61-2850-4ed5-873f-efd2f2e10e09,Ojon Repais 60 ML,4,40,40,20,false,140,2026-03-16T02:36:28.635088+00:00,21,,produto
5f0a8b7b-90bf-4903-8b26-475eb01028cb,90daf3ee-976f-4dbc-8d89-cb7e5442a75c,4cf02afa-5f5c-4c35-aebe-009b762a5e65,Cronograma 4 Passos,3,120,120,60,false,300,2026-03-16T02:37:55.12488+00:00,65,,produto
e4c0737e-da39-48f4-916a-ec5049f9d86c,90daf3ee-976f-4dbc-8d89-cb7e5442a75c,ab60a0a7-07da-49d3-8d63-dbbe32ba2624,Ultra Hidration,1,150,150,0,false,150,2026-03-16T02:37:55.12488+00:00,75,,produto
9ff67544-8a9c-4630-84fa-7ac696af4220,9ae74986-883f-40be-b2fa-a82fb6a23322,14854fa5-61bc-4e40-99af-610c7e95fc75,Shine Parfum,6,30,30,0,false,180,2026-03-16T02:39:14.937397+00:00,18,,produto
77116332-5128-47f9-9be1-99de40100e13,9ae74986-883f-40be-b2fa-a82fb6a23322,e8825e5c-d8b2-4c83-bc19-ba63bc6743d3,Serum Repair Macadâmia,3,30,30,15,false,75,2026-03-16T02:39:14.937397+00:00,15,,produto
2ab53539-9c9a-4195-a53f-2e730e5711a4,9ae74986-883f-40be-b2fa-a82fb6a23322,7dda8c61-2850-4ed5-873f-efd2f2e10e09,Ojon Repais 60 ML,3,40,40,15,false,105,2026-03-16T02:39:14.937397+00:00,21,,produto
ad2bc8cc-3e5c-4874-810e-21e1862205c0,bf55fcb3-4cc0-4822-ab2c-f25eb79e0d27,729754d1-6c91-4956-8e70-9acdee255936,Botox Bio Vegano 1KG,1,200,200,0,false,200,2026-03-16T02:39:51.86972+00:00,65,,produto
efd4fcbc-7481-418b-885a-c69bfdfe6217,bf55fcb3-4cc0-4822-ab2c-f25eb79e0d27,c2f9db98-c196-4eea-9d1a-b3a7f4b50718,Extreme cauterizze 4 passos 2 em 1,1,400,400,0,false,400,2026-03-16T02:39:51.86972+00:00,140,,produto
ff18d0b5-df23-485b-979d-fc1733478e38,bf55fcb3-4cc0-4822-ab2c-f25eb79e0d27,d3bdc39a-4199-4936-b462-7a6b87f0d220,Supreme Liss - Prog. Orgânica,1,300,300,0,true,0,2026-03-16T02:39:51.86972+00:00,80,,produto
0c3e226b-3e7a-4265-a954-e22c6d30c196,ae8fbcd1-8849-4a7a-bcb9-a03ecbba78be,4cf02afa-5f5c-4c35-aebe-009b762a5e65,Cronograma 4 Passos,6,120,120,120,false,600,2026-03-16T02:41:24.497813+00:00,65,,produto
7eb2da1c-f6da-40fe-9631-7c4f4a9bf8a5,ae8fbcd1-8849-4a7a-bcb9-a03ecbba78be,c2f9db98-c196-4eea-9d1a-b3a7f4b50718,Extreme cauterizze 4 passos 2 em 1,1,400,400,0,false,400,2026-03-16T02:41:24.497813+00:00,140,,produto
9eb227c2-e5bc-43d1-a06f-a5c025595927,ae8fbcd1-8849-4a7a-bcb9-a03ecbba78be,7dda8c61-2850-4ed5-873f-efd2f2e10e09,Ojon Repais 60 ML,4,40,40,20,false,140,2026-03-16T02:41:24.497813+00:00,21,,produto
a5312747-4e7c-45d3-bb16-2777718c9df1,b74c72d9-b401-4e02-b866-d41e6c296dad,4cf02afa-5f5c-4c35-aebe-009b762a5e65,Cronograma 4 Passos,1,120,120,0,false,120,2026-03-16T02:42:02.582015+00:00,65,,produto
a5341925-f647-44f6-9412-4215e2a0d2df,b74c72d9-b401-4e02-b866-d41e6c296dad,7dda8c61-2850-4ed5-873f-efd2f2e10e09,Ojon Repais 60 ML,1,40,40,5,false,35,2026-03-16T02:42:02.582015+00:00,21,,produto
bcaaac90-dd29-4e49-9c00-e34f68ae887b,ff8b69fc-9ad1-4d9d-9156-f601ef872588,d3bdc39a-4199-4936-b462-7a6b87f0d220,Supreme Liss - Prog. Orgânica,1,300,300,0,false,300,2026-03-16T02:44:49.522992+00:00,80,,produto
b1f5285d-f5df-4b47-8c7f-20d6c18c363c,ff8b69fc-9ad1-4d9d-9156-f601ef872588,4cf02afa-5f5c-4c35-aebe-009b762a5e65,Cronograma 4 Passos,1,120,120,0,false,120,2026-03-16T02:44:49.522992+00:00,65,,produto
b6c746e6-20c1-48de-bee6-a89fcd6e5ddb,8738a656-0f70-4729-a301-60474f45379c,2d3cefe8-94b5-44f9-af39-e2716e18e8db,Force Vector,1,120,120,0,false,120,2026-03-16T02:45:45.904264+00:00,65,,produto
2d39f83b-4b8d-4c32-a4b3-f91dd5016d18,8738a656-0f70-4729-a301-60474f45379c,d3bdc39a-4199-4936-b462-7a6b87f0d220,Supreme Liss - Prog. Orgânica,1,300,300,0,false,300,2026-03-16T02:45:45.904264+00:00,80,,produto
5788ddfa-0cac-4828-8a72-1f4e88af3c78,6155a851-870d-4723-8b04-65cb54d946bd,4cf02afa-5f5c-4c35-aebe-009b762a5e65,Cronograma 4 Passos,3,120,120,60,false,300,2026-03-16T02:47:39.674683+00:00,65,,produto
a8e5c8af-96fd-4ad3-b8a8-06d61bc24634,6155a851-870d-4723-8b04-65cb54d946bd,c2f9db98-c196-4eea-9d1a-b3a7f4b50718,Extreme cauterizze 4 passos 2 em 1,1,400,400,0,false,400,2026-03-16T02:47:39.674683+00:00,140,,produto
54a6d76d-b0a3-4f4c-9dc8-024cce361c1b,6155a851-870d-4723-8b04-65cb54d946bd,95d635ee-30e7-4c5a-b8bc-77475fc3f472,Shampoo 5L Arginina + Keratina,1,100,100,10,false,90,2026-03-16T02:47:39.674683+00:00,50,,produto
70d4d9a1-262c-4672-ad67-2a4869badd33,6155a851-870d-4723-8b04-65cb54d946bd,7d91e638-7ce4-4fc5-ad43-22a4aac9b6d5,Defrizante 500ML,1,50,50,0,false,50,2026-03-16T02:47:39.674683+00:00,22,,produto
1c509f08-e6ba-4e08-bd50-68607a62e216,6155a851-870d-4723-8b04-65cb54d946bd,729754d1-6c91-4956-8e70-9acdee255936,Botox Bio Vegano 1KG,1,200,200,0,true,0,2026-03-16T02:47:39.674683+00:00,65,,produto
5dd98189-6fd3-4fa9-9702-03f6bac8a335,6155a851-870d-4723-8b04-65cb54d946bd,d770f4a4-1cdd-44ab-b37c-b50b5b4215ce,Dream Curly - At. Cachos,1,60,60,0,false,60,2026-03-16T02:47:39.674683+00:00,32,,produto
31190a77-e74a-4a1c-8f2c-c686409bf461,6155a851-870d-4723-8b04-65cb54d946bd,2d3cefe8-94b5-44f9-af39-e2716e18e8db,Force Vector,1,120,120,0,false,120,2026-03-16T02:47:39.674683+00:00,65,,produto
82d487ba-27ce-4ec5-9fa2-d9e76896f0e2,6155a851-870d-4723-8b04-65cb54d946bd,d3bdc39a-4199-4936-b462-7a6b87f0d220,Supreme Liss - Prog. Orgânica,1,300,300,0,false,300,2026-03-16T02:47:39.674683+00:00,80,,produto
e0905b9b-e44c-4b34-8c07-039c426f3f6d,6155a851-870d-4723-8b04-65cb54d946bd,14854fa5-61bc-4e40-99af-610c7e95fc75,Shine Parfum,2,30,30,0,false,60,2026-03-16T02:47:39.674683+00:00,18,,produto
79fa7cb3-aeaa-4b9e-9f44-22a4018f2358,6155a851-870d-4723-8b04-65cb54d946bd,7dda8c61-2850-4ed5-873f-efd2f2e10e09,Ojon Repais 60 ML,4,40,40,20,false,140,2026-03-16T02:47:39.674683+00:00,21,,produto
aa05bc9f-e5b1-4e10-9223-f9b986e0f18d,6155a851-870d-4723-8b04-65cb54d946bd,e8825e5c-d8b2-4c83-bc19-ba63bc6743d3,Serum Repair Macadâmia,3,30,30,15,false,75,2026-03-16T02:47:39.674683+00:00,15,,produto
b181a60c-23ac-465f-8d27-bdd6464ad1cb,6155a851-870d-4723-8b04-65cb54d946bd,6b81407a-6dad-4bde-b300-9e27767cc754,Defrizante 1L,1,90,90,0,false,90,2026-03-16T02:47:39.674683+00:00,45,,produto
85c8730b-b0ee-4252-9de4-0a2fed3b84d1,5c23fc5a-93d0-4d07-82f4-f5049250df14,4cf02afa-5f5c-4c35-aebe-009b762a5e65,Cronograma 4 Passos,1,120,120,0,false,120,2026-03-16T02:48:15.457421+00:00,65,,produto
4c582711-5714-45b4-b7a4-c01e8e7ef036,5c23fc5a-93d0-4d07-82f4-f5049250df14,d770f4a4-1cdd-44ab-b37c-b50b5b4215ce,Dream Curly - At. Cachos,1,60,60,0,false,60,2026-03-16T02:48:15.457421+00:00,32,,produto
de525398-8e1e-4b57-b8ff-65d91f3d9881,5c23fc5a-93d0-4d07-82f4-f5049250df14,e8825e5c-d8b2-4c83-bc19-ba63bc6743d3,Serum Repair Macadâmia,2,30,30,10,false,50,2026-03-16T02:48:15.457421+00:00,15,,produto
876e02b9-39ed-4b23-91f6-512c402033c1,628cacc9-c306-4d18-b71d-e85144ddc873,4cf02afa-5f5c-4c35-aebe-009b762a5e65,Cronograma 4 Passos,2,120,120,40,false,200,2026-03-16T02:49:10.948082+00:00,65,,produto
3b31be69-7d7c-47a0-b955-11587b145a85,4ed85331-5602-4609-ad15-9ae5168c242c,d770f4a4-1cdd-44ab-b37c-b50b5b4215ce,Dream Curly - At. Cachos,1,60,60,0,false,60,2026-03-16T02:49:29.546982+00:00,32,,produto
7f6dd568-05f6-4caa-bc48-712bb45acf34,bf6c4010-ba80-4119-a7d5-ba504dab0a11,2d3cefe8-94b5-44f9-af39-e2716e18e8db,Force Vector,2,120,120,40,false,200,2026-03-19T13:40:44.742961+00:00,65,,produto
74abc5c2-6c05-44b2-a9a9-ba291d04e2b1,bf6c4010-ba80-4119-a7d5-ba504dab0a11,d3bdc39a-4199-4936-b462-7a6b87f0d220,Supreme Liss - Prog. Orgânica,1,300,300,0,false,300,2026-03-19T13:40:44.742961+00:00,80,,produto
8e5d7fc7-deb9-4a0d-9a51-daaa1027090d,bf6c4010-ba80-4119-a7d5-ba504dab0a11,7dda8c61-2850-4ed5-873f-efd2f2e10e09,Ojon Repais 60 ML,10,40,40,50,false,350,2026-03-19T13:40:44.742961+00:00,21,,produto
869ad8ac-0c77-4299-9680-a028e2625053,bf6c4010-ba80-4119-a7d5-ba504dab0a11,729754d1-6c91-4956-8e70-9acdee255936,Botox Bio Vegano 1KG,1,200,200,0,false,200,2026-03-19T13:40:44.742961+00:00,65,,produto
43ffb982-d3cb-40e7-91d3-e9e4dc0178d8,bf6c4010-ba80-4119-a7d5-ba504dab0a11,14854fa5-61bc-4e40-99af-610c7e95fc75,Shine Parfum,1,30,30,0,false,30,2026-03-19T13:40:44.742961+00:00,18,,produto
6c48e6be-6d0c-404f-ad49-f06e297eaa72,e201121f-2ab7-4876-91cb-d85b202c968c,729754d1-6c91-4956-8e70-9acdee255936,Botox Bio Vegano 1KG,1,200,200,0,false,200,2026-03-19T23:32:54.826066+00:00,65,,produto
22a6712a-4411-47e2-85f2-76b284c57d54,41a317df-e91a-4c88-8cf3-040a357a7787,729754d1-6c91-4956-8e70-9acdee255936,Botox Bio Vegano 1KG,1,200,200,0,false,200,2026-03-20T00:43:20.306194+00:00,65,,produto
6be2d8b5-8e70-422d-85ac-0bbbc6a6a6ec,41a317df-e91a-4c88-8cf3-040a357a7787,4cf02afa-5f5c-4c35-aebe-009b762a5e65,Cronograma 4 Passos,1,120,120,0,false,120,2026-03-20T00:43:20.306194+00:00,65,,produto
25409a3a-aab0-4651-93c4-fceb838d33d7,41a317df-e91a-4c88-8cf3-040a357a7787,6b81407a-6dad-4bde-b300-9e27767cc754,Defrizante 1L,1,90,90,0,false,90,2026-03-20T00:43:20.306194+00:00,45,,produto
9e73effa-95fd-4de0-ae87-be076e088d99,41a317df-e91a-4c88-8cf3-040a357a7787,7dda8c61-2850-4ed5-873f-efd2f2e10e09,Ojon Repais 60 ML,2,40,0,0,true,0,2026-03-20T00:43:20.306194+00:00,21,,produto
fbf58e2c-5412-4e5a-9d98-4cc8d180ac87,6e7faaf0-4eec-4bbd-af22-dd1c54427af7,729754d1-6c91-4956-8e70-9acdee255936,Botox Bio Vegano 1KG,1,200,200,0,false,200,2026-03-20T00:44:00.737191+00:00,65,,produto
8ae3e75f-3ba5-4476-8e9b-ed6957aa695b,6e7faaf0-4eec-4bbd-af22-dd1c54427af7,d3bdc39a-4199-4936-b462-7a6b87f0d220,Supreme Liss - Prog. Orgânica,1,300,300,0,false,300,2026-03-20T00:44:00.737191+00:00,80,,produto
64da194f-4bea-44e9-b9cb-fa9699959eed,6e7faaf0-4eec-4bbd-af22-dd1c54427af7,d3bdc39a-4199-4936-b462-7a6b87f0d220,Supreme Liss - Prog. Orgânica,1,300,0,0,true,0,2026-03-20T00:44:00.737191+00:00,80,,produto
47844dc9-5502-4b34-81f1-8b1aa5c8fd41,03e58e0d-f5b2-4de0-85ee-84ab96eecccc,729754d1-6c91-4956-8e70-9acdee255936,Botox Bio Vegano 1KG,1,200,200,0,false,200,2026-03-20T00:47:29.031707+00:00,65,,produto
bad5e24d-6028-4e68-a628-935ee1794d09,03e58e0d-f5b2-4de0-85ee-84ab96eecccc,6b81407a-6dad-4bde-b300-9e27767cc754,Defrizante 1L,1,90,90,0,false,90,2026-03-20T00:47:29.031707+00:00,45,,produto
4b946aad-df4a-4f09-9e40-51684733278f,03e58e0d-f5b2-4de0-85ee-84ab96eecccc,c2f9db98-c196-4eea-9d1a-b3a7f4b50718,Extreme cauterizze 4 passos 2 em 1,1,400,400,0,false,400,2026-03-20T00:47:29.031707+00:00,140,,produto
6bf9b809-4827-4f7e-8d18-c0aebb77f633,03e58e0d-f5b2-4de0-85ee-84ab96eecccc,95d635ee-30e7-4c5a-b8bc-77475fc3f472,Shampoo 5L Arginina + Keratina,1,100,100,0,false,100,2026-03-20T00:47:29.031707+00:00,50,,produto
fc484edb-f8b2-46f3-8039-c9a86e903015,03e58e0d-f5b2-4de0-85ee-84ab96eecccc,d3bdc39a-4199-4936-b462-7a6b87f0d220,Supreme Liss - Prog. Orgânica,1,300,300,0,false,300,2026-03-20T00:47:29.031707+00:00,80,,produto
192e9126-3f17-436c-875f-80c348457ab6,03e58e0d-f5b2-4de0-85ee-84ab96eecccc,d3bdc39a-4199-4936-b462-7a6b87f0d220,Supreme Liss - Prog. Orgânica,1,300,0,0,true,0,2026-03-20T00:47:29.031707+00:00,80,,produto
f9aec162-6119-4a46-b2db-5bd8d372248b,03e58e0d-f5b2-4de0-85ee-84ab96eecccc,7dda8c61-2850-4ed5-873f-efd2f2e10e09,Ojon Repais 60 ML,1,40,0,0,true,0,2026-03-20T00:47:29.031707+00:00,21,,produto
5b84bc3d-1970-4c5e-a2cb-4d324a9f7316,0db36ea2-200a-4605-a686-3fda8b911ce6,729754d1-6c91-4956-8e70-9acdee255936,Botox Bio Vegano 1KG,1,200,200,0,false,200,2026-03-20T00:49:10.033241+00:00,65,,produto
722bf776-b8b1-400d-910e-2bd22b95c512,0db36ea2-200a-4605-a686-3fda8b911ce6,6b81407a-6dad-4bde-b300-9e27767cc754,Defrizante 1L,1,90,90,0,false,90,2026-03-20T00:49:10.033241+00:00,45,,produto
5d071e12-a6c1-4ef5-ba51-8fe863697d9d,0db36ea2-200a-4605-a686-3fda8b911ce6,c2f9db98-c196-4eea-9d1a-b3a7f4b50718,Extreme cauterizze 4 passos 2 em 1,1,400,400,0,false,400,2026-03-20T00:49:10.033241+00:00,140,,produto
cce57085-caee-4160-aeda-5f0a61e3ab66,0db36ea2-200a-4605-a686-3fda8b911ce6,95d635ee-30e7-4c5a-b8bc-77475fc3f472,Shampoo 5L Arginina + Keratina,1,100,100,0,false,100,2026-03-20T00:49:10.033241+00:00,50,,produto
01802cdb-9715-4e84-ba93-6cdecb24ad56,0db36ea2-200a-4605-a686-3fda8b911ce6,d3bdc39a-4199-4936-b462-7a6b87f0d220,Supreme Liss - Prog. Orgânica,1,300,300,0,false,300,2026-03-20T00:49:10.033241+00:00,80,,produto
50bec9e3-6639-4883-bbd6-8444306b6c11,0db36ea2-200a-4605-a686-3fda8b911ce6,7dda8c61-2850-4ed5-873f-efd2f2e10e09,Ojon Repais 60 ML,1,40,0,0,true,0,2026-03-20T00:49:10.033241+00:00,21,,produto
fef8b993-5644-4c23-bd5a-68c46e70f12c,0db36ea2-200a-4605-a686-3fda8b911ce6,d3bdc39a-4199-4936-b462-7a6b87f0d220,Supreme Liss - Prog. Orgânica,1,300,0,0,true,0,2026-03-20T00:49:10.033241+00:00,80,,produto
be43990a-819c-4099-ac73-5fc6903a7001,47124ad2-a3d5-4eba-ae4d-f0673defacac,c2f9db98-c196-4eea-9d1a-b3a7f4b50718,Extreme cauterizze 4 passos 2 em 1,1,400,400,0,false,400,2026-03-20T00:52:19.13696+00:00,140,,produto
26c710fa-d94d-4ce5-991a-44c855edf60e,47124ad2-a3d5-4eba-ae4d-f0673defacac,d3bdc39a-4199-4936-b462-7a6b87f0d220,Supreme Liss - Prog. Orgânica,1,300,300,0,false,300,2026-03-20T00:52:19.13696+00:00,80,,produto
2f6b5c3f-d0d4-45cf-be70-78e0493493d9,47124ad2-a3d5-4eba-ae4d-f0673defacac,95d635ee-30e7-4c5a-b8bc-77475fc3f472,Shampoo 5L Arginina + Keratina,1,100,100,0,false,100,2026-03-20T00:52:19.13696+00:00,50,,produto
aa270613-b896-4ae5-89ea-c9bb53149b5e,47124ad2-a3d5-4eba-ae4d-f0673defacac,729754d1-6c91-4956-8e70-9acdee255936,Botox Bio Vegano 1KG,1,200,0,0,true,0,2026-03-20T00:52:19.13696+00:00,65,,produto
c1e2b5fe-041c-4f9c-aa37-e23b134e4703,47124ad2-a3d5-4eba-ae4d-f0673defacac,7dda8c61-2850-4ed5-873f-efd2f2e10e09,Ojon Repais 60 ML,1,40,0,0,true,0,2026-03-20T00:52:19.13696+00:00,21,,produto
70941733-9384-4ed7-b8bc-0607649559a8,14996c38-6324-4334-bd4b-f80ab922e8d7,729754d1-6c91-4956-8e70-9acdee255936,Botox Bio Vegano 1KG,1,200,200,0,false,200,2026-03-20T00:53:50.731397+00:00,65,,produto
6fcdf289-bb38-4fd8-b92a-11d617be6180,14996c38-6324-4334-bd4b-f80ab922e8d7,7dda8c61-2850-4ed5-873f-efd2f2e10e09,Ojon Repais 60 ML,2,40,40,10,false,70,2026-03-20T00:53:50.731397+00:00,21,,produto
d8129a59-fe99-49c9-9350-607ea71ae695,14996c38-6324-4334-bd4b-f80ab922e8d7,d3bdc39a-4199-4936-b462-7a6b87f0d220,Supreme Liss - Prog. Orgânica,1,300,300,0,false,300,2026-03-20T00:53:50.731397+00:00,80,,produto
52934029-42ee-42c1-8f9b-d583a7b4a4a8,14996c38-6324-4334-bd4b-f80ab922e8d7,7d91e638-7ce4-4fc5-ad43-22a4aac9b6d5,Defrizante 500ML,1,50,0,0,true,0,2026-03-20T00:53:50.731397+00:00,22,,produto
f1b002f0-0e87-4783-ba40-1d9a206b9577,14996c38-6324-4334-bd4b-f80ab922e8d7,729754d1-6c91-4956-8e70-9acdee255936,Botox Bio Vegano 1KG,1,200,0,0,true,0,2026-03-20T00:53:50.731397+00:00,65,,produto
4f33659e-4992-4ab2-a544-4c8bdf7c7998,7a134ffa-22ba-4e01-bb0d-83f7219053bd,729754d1-6c91-4956-8e70-9acdee255936,Botox Bio Vegano 1KG,1,200,200,0,false,200,2026-03-20T00:55:59.862972+00:00,65,,produto
3008545a-61c8-41ce-98ca-75561cecd16f,7a134ffa-22ba-4e01-bb0d-83f7219053bd,7d91e638-7ce4-4fc5-ad43-22a4aac9b6d5,Defrizante 500ML,1,50,50,0,false,50,2026-03-20T00:55:59.862972+00:00,22,,produto
d81d23d2-ae71-4df5-b228-6e166b13cff0,7a134ffa-22ba-4e01-bb0d-83f7219053bd,d770f4a4-1cdd-44ab-b37c-b50b5b4215ce,Dream Curly - At. Cachos,1,60,60,10,false,50,2026-03-20T00:55:59.862972+00:00,32,,produto
1623ffcd-3504-47ec-bfea-6b20838698ec,7a134ffa-22ba-4e01-bb0d-83f7219053bd,c2f9db98-c196-4eea-9d1a-b3a7f4b50718,Extreme cauterizze 4 passos 2 em 1,1,400,400,0,false,400,2026-03-20T00:55:59.862972+00:00,140,,produto
7c015bc5-82e4-4dd5-b833-7c6c7a6142bc,7a134ffa-22ba-4e01-bb0d-83f7219053bd,d3bdc39a-4199-4936-b462-7a6b87f0d220,Supreme Liss - Prog. Orgânica,1,300,300,0,false,300,2026-03-20T00:55:59.862972+00:00,80,,produto
812e877b-59eb-4591-a7e7-966644c06ecd,7a134ffa-22ba-4e01-bb0d-83f7219053bd,ab60a0a7-07da-49d3-8d63-dbbe32ba2624,Ultra Hidration,1,150,150,0,false,150,2026-03-20T00:55:59.862972+00:00,75,,produto
9ac0e96d-3ad6-433d-882a-ebe34636d696,7a134ffa-22ba-4e01-bb0d-83f7219053bd,d3bdc39a-4199-4936-b462-7a6b87f0d220,Supreme Liss - Prog. Orgânica,1,300,0,0,true,0,2026-03-20T00:55:59.862972+00:00,80,,produto
16069274-6985-4670-a43c-ce4cbd14235b,7a134ffa-22ba-4e01-bb0d-83f7219053bd,7dda8c61-2850-4ed5-873f-efd2f2e10e09,Ojon Repais 60 ML,1,40,0,0,true,0,2026-03-20T00:55:59.862972+00:00,21,,produto
d63f8196-3623-4d6d-a891-7b9d9c09e614,ebd6eb2b-db5d-4ca4-800f-dfe85000713c,4cf02afa-5f5c-4c35-aebe-009b762a5e65,Cronograma 4 Passos,1,120,110,0,false,110,2026-03-20T22:02:05.505973+00:00,65,,produto
9dec60a5-e2e5-4d39-92a2-c74b81ecf2de,ebd6eb2b-db5d-4ca4-800f-dfe85000713c,7d91e638-7ce4-4fc5-ad43-22a4aac9b6d5,Defrizante 500ML,1,50,50,0,false,50,2026-03-20T22:02:05.505973+00:00,22,,produto
4af74ed1-6173-4f1e-8eee-6a0d3cfc2320,ebd6eb2b-db5d-4ca4-800f-dfe85000713c,d770f4a4-1cdd-44ab-b37c-b50b5b4215ce,Dream Curly - At. Cachos,1,60,60,0,false,60,2026-03-20T22:02:05.505973+00:00,32,,produto
44c83c87-5063-447a-8f9d-fc143cfc5432,ebd6eb2b-db5d-4ca4-800f-dfe85000713c,7dda8c61-2850-4ed5-873f-efd2f2e10e09,Ojon Repais 60 ML,2,40,40,10,false,70,2026-03-20T22:02:05.505973+00:00,21,,produto
eea0c0ad-4f2e-4518-b526-af73a91e4e05,8a62fdbb-ab5e-44eb-902d-62d0babd88dd,729754d1-6c91-4956-8e70-9acdee255936,Botox Bio Vegano 1KG,1,200,200,0,false,200,2026-03-20T22:07:21.612303+00:00,65,,produto
b97b5c30-af76-455d-b3ec-c2d57cff2142,8a62fdbb-ab5e-44eb-902d-62d0babd88dd,7dda8c61-2850-4ed5-873f-efd2f2e10e09,Ojon Repais 60 ML,1,40,40,0,true,0,2026-03-20T22:07:21.612303+00:00,21,,produto
d93a988b-9f21-43a6-9057-9c7386c25f10,f8b23a21-4474-44dd-ad76-9555dc3ad2d1,7dda8c61-2850-4ed5-873f-efd2f2e10e09,Ojon Repais 60 ML,6,40,40,30,false,210,2026-03-20T22:09:38.936464+00:00,21,,produto
d5718f90-519b-4f44-86d4-2d9432e3ab53,f8b23a21-4474-44dd-ad76-9555dc3ad2d1,729754d1-6c91-4956-8e70-9acdee255936,Botox Bio Vegano 1KG,1,200,200,0,false,200,2026-03-20T22:09:38.936464+00:00,65,,produto
fceff552-abe3-4123-ab19-d3d8e545c5eb,f8b23a21-4474-44dd-ad76-9555dc3ad2d1,7d91e638-7ce4-4fc5-ad43-22a4aac9b6d5,Defrizante 500ML,1,50,50,0,true,0,2026-03-20T22:09:38.936464+00:00,22,,produto
d8426915-84ff-4331-b0c4-72c05902281c,459018ae-6744-4140-b680-1e18e723a9eb,d3bdc39a-4199-4936-b462-7a6b87f0d220,Supreme Liss - Prog. Orgânica,1,300,300,0,false,300,2026-03-20T22:12:28.132989+00:00,80,,produto
50a7c483-028d-4346-9e5b-f5121b931889,459018ae-6744-4140-b680-1e18e723a9eb,7dda8c61-2850-4ed5-873f-efd2f2e10e09,Ojon Repais 60 ML,1,40,40,5,false,35,2026-03-20T22:12:28.132989+00:00,21,,produto
5198f9a1-7846-4716-83dd-bf25d6844e47,459018ae-6744-4140-b680-1e18e723a9eb,729754d1-6c91-4956-8e70-9acdee255936,Botox Bio Vegano 1KG,1,200,0,0,true,0,2026-03-20T22:12:28.132989+00:00,65,,produto
474e4907-d54b-4ea4-aed1-2499eb76b8c8,459018ae-6744-4140-b680-1e18e723a9eb,729754d1-6c91-4956-8e70-9acdee255936,Botox Bio Vegano 1KG,1,200,200,0,false,200,2026-03-20T22:12:28.132989+00:00,65,,produto
be5d0a74-9e14-4bb5-87bc-8426938180b7,dbcc585c-f4bd-4652-a5f1-c09f01703247,729754d1-6c91-4956-8e70-9acdee255936,Botox Bio Vegano 1KG,1,200,200,0,false,200,2026-03-20T22:14:42.632364+00:00,65,,produto
e397b3bf-fff1-4c13-974a-f5aa628ba6ad,dbcc585c-f4bd-4652-a5f1-c09f01703247,729754d1-6c91-4956-8e70-9acdee255936,Botox Bio Vegano 1KG,1,200,0,0,true,0,2026-03-20T22:14:42.632364+00:00,65,,produto
88e998ba-aece-4998-a4cc-23b3663dd95c,dbcc585c-f4bd-4652-a5f1-c09f01703247,c2f9db98-c196-4eea-9d1a-b3a7f4b50718,Extreme cauterizze 4 passos 2 em 1,1,400,400,0,false,400,2026-03-20T22:14:42.632364+00:00,140,,produto
d3d5f176-047f-446c-b877-765c8c698181,881a1c2f-82ef-4650-979c-361ee10cabf1,729754d1-6c91-4956-8e70-9acdee255936,Botox Bio Vegano 1KG,1,200,200,0,false,200,2026-03-20T22:15:27.617984+00:00,65,,produto
945a239c-8aba-4cc2-bc42-9db25dbf6da7,881a1c2f-82ef-4650-979c-361ee10cabf1,7d91e638-7ce4-4fc5-ad43-22a4aac9b6d5,Defrizante 500ML,1,50,0,0,true,0,2026-03-20T22:15:27.617984+00:00,22,,produto
85a68bc0-6da0-443d-9205-f6a19f07bf2f,13bab4e3-6452-42ed-8f9b-abadfc5e99e2,c2f9db98-c196-4eea-9d1a-b3a7f4b50718,Extreme cauterizze 4 passos 2 em 1,1,400,400,0,false,400,2026-03-20T22:17:02.403418+00:00,140,,produto
1f7c6387-fb4b-4659-9b2b-f5af67a7c26e,13bab4e3-6452-42ed-8f9b-abadfc5e99e2,729754d1-6c91-4956-8e70-9acdee255936,Botox Bio Vegano 1KG,1,200,200,0,false,200,2026-03-20T22:17:02.403418+00:00,65,,produto
3f8fb22c-1b82-4760-bfa7-2290856db2e7,13bab4e3-6452-42ed-8f9b-abadfc5e99e2,ab60a0a7-07da-49d3-8d63-dbbe32ba2624,Ultra Hidration,1,150,0,0,true,0,2026-03-20T22:17:02.403418+00:00,75,,produto
6edab6d5-6434-4029-9e02-9ab1261b75ee,4111dba3-1442-47c9-a23e-e8040839deb4,7dda8c61-2850-4ed5-873f-efd2f2e10e09,Ojon Repais 60 ML,4,40,40,20,false,140,2026-03-20T22:21:34.086365+00:00,21,,produto
474eaed1-85c7-4d2b-a283-7299487c7d5d,4111dba3-1442-47c9-a23e-e8040839deb4,7dda8c61-2850-4ed5-873f-efd2f2e10e09,Ojon Repais 60 ML,1,40,0,0,true,0,2026-03-20T22:21:34.086365+00:00,21,,produto
3d241007-d1cc-48df-bc7d-22dfa8aa56c6,4111dba3-1442-47c9-a23e-e8040839deb4,c2f9db98-c196-4eea-9d1a-b3a7f4b50718,Extreme cauterizze 4 passos 2 em 1,1,400,400,0,false,400,2026-03-20T22:21:34.086365+00:00,140,,produto
26100eb6-e4cd-40bb-959d-20212c606db1,4111dba3-1442-47c9-a23e-e8040839deb4,4cf02afa-5f5c-4c35-aebe-009b762a5e65,Cronograma 4 Passos,1,120,120,10,false,110,2026-03-20T22:21:34.086365+00:00,65,,produto
9c5b4617-ed7c-466e-ad9f-bcb1665b3ea5,4111dba3-1442-47c9-a23e-e8040839deb4,d3bdc39a-4199-4936-b462-7a6b87f0d220,Supreme Liss - Prog. Orgânica,1,300,300,0,false,300,2026-03-20T22:21:34.086365+00:00,80,,produto
633dae05-441d-4a82-a241-9e5fe813580c,4111dba3-1442-47c9-a23e-e8040839deb4,729754d1-6c91-4956-8e70-9acdee255936,Botox Bio Vegano 1KG,1,200,200,0,false,200,2026-03-20T22:21:34.086365+00:00,65,,produto
ba5b8b50-e80c-46be-9a08-bbeb048bf98e,4111dba3-1442-47c9-a23e-e8040839deb4,729754d1-6c91-4956-8e70-9acdee255936,Botox Bio Vegano 1KG,1,200,0,0,true,0,2026-03-20T22:21:34.086365+00:00,65,,produto
2b497659-2acc-4ff5-a209-2674087a5408,4111dba3-1442-47c9-a23e-e8040839deb4,95d635ee-30e7-4c5a-b8bc-77475fc3f472,Shampoo 5L Arginina + Keratina,1,100,100,10,false,90,2026-03-20T22:21:34.086365+00:00,50,,produto
018400e5-f13d-4462-a503-7be07a4b5a25,09854de6-4dad-4db5-90d8-472103a09764,d3bdc39a-4199-4936-b462-7a6b87f0d220,Supreme Liss - Prog. Orgânica,1,300,300,0,false,300,2026-03-20T22:23:22.398247+00:00,80,,produto
024f1755-8946-4fc7-8581-4bb8f89546bc,09854de6-4dad-4db5-90d8-472103a09764,7d91e638-7ce4-4fc5-ad43-22a4aac9b6d5,Defrizante 500ML,1,50,0,0,true,0,2026-03-20T22:23:22.398247+00:00,22,,produto
077c2d01-5cf8-4086-93fb-debff5154ede,a41eacb3-a497-41ab-84a1-29245ef43dc9,7d91e638-7ce4-4fc5-ad43-22a4aac9b6d5,Defrizante 500ML,2,50,50,0,false,100,2026-03-22T03:07:29.095224+00:00,22,,produto
e97540da-5a84-484d-9feb-a38d39b7fdc2,a41eacb3-a497-41ab-84a1-29245ef43dc9,4cf02afa-5f5c-4c35-aebe-009b762a5e65,Cronograma 4 Passos,1,120,110,0,false,110,2026-03-22T03:07:29.095224+00:00,65,,produto
c7dde8a0-1906-49c7-8be0-e9d585a855e4,9dbefbaf-3eee-4651-bb20-d861eb44e146,d3bdc39a-4199-4936-b462-7a6b87f0d220,Supreme Liss - Prog. Orgânica,2,300,300,0,false,600,2026-03-24T00:28:37.229862+00:00,80,,produto
3ec18077-43b0-412d-8222-0b0fc8d3ac80,9dbefbaf-3eee-4651-bb20-d861eb44e146,d3bdc39a-4199-4936-b462-7a6b87f0d220,Supreme Liss - Prog. Orgânica,1,300,0,0,true,0,2026-03-24T00:28:37.229862+00:00,80,,produto