id,empresa_id,produto_id,vendedor_id,tipo,quantidade,observacoes,data,created_at,kit_id
289bb262-769f-4f6b-9721-526609bbb0ff,a0000000-0000-0000-0000-000000000001,d3bdc39a-4199-4936-b462-7a6b87f0d220,bdf3797e-66ef-4062-8a29-729b64574db3,venda,2,Venda #9dbefbaf,2026-03-24T00:28:37.229862+00:00,2026-03-24T00:28:37.229862+00:00,
286afa08-c8e6-4697-b2f1-fee3646ff28e,a0000000-0000-0000-0000-000000000001,d3bdc39a-4199-4936-b462-7a6b87f0d220,bdf3797e-66ef-4062-8a29-729b64574db3,venda,1,Venda #9dbefbaf,2026-03-24T00:28:37.229862+00:00,2026-03-24T00:28:37.229862+00:00,
d64dbb64-3652-464b-8837-b74f9f8d9c17,a0000000-0000-0000-0000-000000000001,7d91e638-7ce4-4fc5-ad43-22a4aac9b6d5,bdf3797e-66ef-4062-8a29-729b64574db3,venda,2,Venda #a41eacb3,2026-03-22T03:07:29.095224+00:00,2026-03-22T03:07:29.095224+00:00,
ddfd87f2-67ab-4e07-80f3-b18edb8a29d7,a0000000-0000-0000-0000-000000000001,4cf02afa-5f5c-4c35-aebe-009b762a5e65,bdf3797e-66ef-4062-8a29-729b64574db3,venda,1,Venda #a41eacb3,2026-03-22T03:07:29.095224+00:00,2026-03-22T03:07:29.095224+00:00,
2e6e0f3e-a6db-4622-a2e8-a607bc803d0a,a0000000-0000-0000-0000-000000000001,d3bdc39a-4199-4936-b462-7a6b87f0d220,bdf3797e-66ef-4062-8a29-729b64574db3,venda,1,Venda #09854de6,2026-03-20T22:23:22.398247+00:00,2026-03-20T22:23:22.398247+00:00,
cd3afe43-8dd1-4783-aa36-32c1eb2071e9,a0000000-0000-0000-0000-000000000001,7d91e638-7ce4-4fc5-ad43-22a4aac9b6d5,bdf3797e-66ef-4062-8a29-729b64574db3,venda,1,Venda #09854de6,2026-03-20T22:23:22.398247+00:00,2026-03-20T22:23:22.398247+00:00,
62210e2c-588a-4549-a9e6-f7d7743dee78,a0000000-0000-0000-0000-000000000001,7dda8c61-2850-4ed5-873f-efd2f2e10e09,bdf3797e-66ef-4062-8a29-729b64574db3,venda,4,Venda #4111dba3,2026-03-20T22:21:34.086365+00:00,2026-03-20T22:21:34.086365+00:00,
aa1cbec8-aabd-4c4d-8ec0-5b3b2a946d17,a0000000-0000-0000-0000-000000000001,7dda8c61-2850-4ed5-873f-efd2f2e10e09,bdf3797e-66ef-4062-8a29-729b64574db3,venda,1,Venda #4111dba3,2026-03-20T22:21:34.086365+00:00,2026-03-20T22:21:34.086365+00:00,
6aa09535-5daa-46c4-b8fd-140a680feaf9,a0000000-0000-0000-0000-000000000001,c2f9db98-c196-4eea-9d1a-b3a7f4b50718,bdf3797e-66ef-4062-8a29-729b64574db3,venda,1,Venda #4111dba3,2026-03-20T22:21:34.086365+00:00,2026-03-20T22:21:34.086365+00:00,
1d0e821b-f68c-4013-9661-8842f51a49c3,a0000000-0000-0000-0000-000000000001,4cf02afa-5f5c-4c35-aebe-009b762a5e65,bdf3797e-66ef-4062-8a29-729b64574db3,venda,1,Venda #4111dba3,2026-03-20T22:21:34.086365+00:00,2026-03-20T22:21:34.086365+00:00,
546c81be-7c2a-4cdc-9719-f047207de8e3,a0000000-0000-0000-0000-000000000001,d3bdc39a-4199-4936-b462-7a6b87f0d220,bdf3797e-66ef-4062-8a29-729b64574db3,venda,1,Venda #4111dba3,2026-03-20T22:21:34.086365+00:00,2026-03-20T22:21:34.086365+00:00,
88c22b0d-539d-47ca-b35a-781216143d63,a0000000-0000-0000-0000-000000000001,729754d1-6c91-4956-8e70-9acdee255936,bdf3797e-66ef-4062-8a29-729b64574db3,venda,1,Venda #4111dba3,2026-03-20T22:21:34.086365+00:00,2026-03-20T22:21:34.086365+00:00,
9ef125e1-75e9-45e2-81cd-763e8add3a1b,a0000000-0000-0000-0000-000000000001,729754d1-6c91-4956-8e70-9acdee255936,bdf3797e-66ef-4062-8a29-729b64574db3,venda,1,Venda #4111dba3,2026-03-20T22:21:34.086365+00:00,2026-03-20T22:21:34.086365+00:00,
dc9c0637-bb49-4820-ab5d-40893f4a497d,a0000000-0000-0000-0000-000000000001,95d635ee-30e7-4c5a-b8bc-77475fc3f472,bdf3797e-66ef-4062-8a29-729b64574db3,venda,1,Venda #4111dba3,2026-03-20T22:21:34.086365+00:00,2026-03-20T22:21:34.086365+00:00,
0eab7daf-7eb6-4cda-9b10-a1fa8f6358ef,a0000000-0000-0000-0000-000000000001,c2f9db98-c196-4eea-9d1a-b3a7f4b50718,bdf3797e-66ef-4062-8a29-729b64574db3,venda,1,Venda #13bab4e3,2026-03-20T22:17:02.403418+00:00,2026-03-20T22:17:02.403418+00:00,
56e27a27-293c-4b2f-a35b-f05c16a31e84,a0000000-0000-0000-0000-000000000001,729754d1-6c91-4956-8e70-9acdee255936,bdf3797e-66ef-4062-8a29-729b64574db3,venda,1,Venda #13bab4e3,2026-03-20T22:17:02.403418+00:00,2026-03-20T22:17:02.403418+00:00,
a86af3d9-c831-49b3-9a40-c875045e9aed,a0000000-0000-0000-0000-000000000001,ab60a0a7-07da-49d3-8d63-dbbe32ba2624,bdf3797e-66ef-4062-8a29-729b64574db3,venda,1,Venda #13bab4e3,2026-03-20T22:17:02.403418+00:00,2026-03-20T22:17:02.403418+00:00,
a23b4b69-817d-4798-a4e3-9643f5b1e527,a0000000-0000-0000-0000-000000000001,729754d1-6c91-4956-8e70-9acdee255936,bdf3797e-66ef-4062-8a29-729b64574db3,venda,1,Venda #881a1c2f,2026-03-20T22:15:27.617984+00:00,2026-03-20T22:15:27.617984+00:00,
7d18733c-f71a-4d46-af12-892c62e5f862,a0000000-0000-0000-0000-000000000001,7d91e638-7ce4-4fc5-ad43-22a4aac9b6d5,bdf3797e-66ef-4062-8a29-729b64574db3,venda,1,Venda #881a1c2f,2026-03-20T22:15:27.617984+00:00,2026-03-20T22:15:27.617984+00:00,
a08d21c3-fd11-470e-a3a8-51e7e44309e2,a0000000-0000-0000-0000-000000000001,729754d1-6c91-4956-8e70-9acdee255936,bdf3797e-66ef-4062-8a29-729b64574db3,venda,1,Venda #dbcc585c,2026-03-20T22:14:42.632364+00:00,2026-03-20T22:14:42.632364+00:00,
03bf6065-3076-433b-ac66-dd04a86798c4,a0000000-0000-0000-0000-000000000001,729754d1-6c91-4956-8e70-9acdee255936,bdf3797e-66ef-4062-8a29-729b64574db3,venda,1,Venda #dbcc585c,2026-03-20T22:14:42.632364+00:00,2026-03-20T22:14:42.632364+00:00,
105ac44c-ce2a-40b4-b944-64e7d700d8e8,a0000000-0000-0000-0000-000000000001,c2f9db98-c196-4eea-9d1a-b3a7f4b50718,bdf3797e-66ef-4062-8a29-729b64574db3,venda,1,Venda #dbcc585c,2026-03-20T22:14:42.632364+00:00,2026-03-20T22:14:42.632364+00:00,
565f3f81-e5b2-42aa-aab5-a2c5a5fe7d69,a0000000-0000-0000-0000-000000000001,d3bdc39a-4199-4936-b462-7a6b87f0d220,bdf3797e-66ef-4062-8a29-729b64574db3,venda,1,Venda #459018ae,2026-03-20T22:12:28.132989+00:00,2026-03-20T22:12:28.132989+00:00,
affe7554-7b8e-4900-9305-61bbb414c4ed,a0000000-0000-0000-0000-000000000001,7dda8c61-2850-4ed5-873f-efd2f2e10e09,bdf3797e-66ef-4062-8a29-729b64574db3,venda,1,Venda #459018ae,2026-03-20T22:12:28.132989+00:00,2026-03-20T22:12:28.132989+00:00,
ec4b9719-4d59-45a2-bff0-a6135ea58f63,a0000000-0000-0000-0000-000000000001,729754d1-6c91-4956-8e70-9acdee255936,bdf3797e-66ef-4062-8a29-729b64574db3,venda,1,Venda #459018ae,2026-03-20T22:12:28.132989+00:00,2026-03-20T22:12:28.132989+00:00,
8ae13341-edfa-4b10-82cc-7b4131a654e0,a0000000-0000-0000-0000-000000000001,729754d1-6c91-4956-8e70-9acdee255936,bdf3797e-66ef-4062-8a29-729b64574db3,venda,1,Venda #459018ae,2026-03-20T22:12:28.132989+00:00,2026-03-20T22:12:28.132989+00:00,
d60f126f-3676-4dfb-b0d0-9507cd81473d,a0000000-0000-0000-0000-000000000001,7dda8c61-2850-4ed5-873f-efd2f2e10e09,bdf3797e-66ef-4062-8a29-729b64574db3,venda,6,Venda #f8b23a21,2026-03-20T22:09:38.936464+00:00,2026-03-20T22:09:38.936464+00:00,
37bf080a-b109-4b0c-9a59-9066536ab4a7,a0000000-0000-0000-0000-000000000001,729754d1-6c91-4956-8e70-9acdee255936,bdf3797e-66ef-4062-8a29-729b64574db3,venda,1,Venda #f8b23a21,2026-03-20T22:09:38.936464+00:00,2026-03-20T22:09:38.936464+00:00,
3537f1ff-275d-44e0-83b4-a863918ef551,a0000000-0000-0000-0000-000000000001,7d91e638-7ce4-4fc5-ad43-22a4aac9b6d5,bdf3797e-66ef-4062-8a29-729b64574db3,venda,1,Venda #f8b23a21,2026-03-20T22:09:38.936464+00:00,2026-03-20T22:09:38.936464+00:00,
f883fd72-0df7-47e4-ad5c-f374a9c99b5e,a0000000-0000-0000-0000-000000000001,729754d1-6c91-4956-8e70-9acdee255936,bdf3797e-66ef-4062-8a29-729b64574db3,venda,1,Venda #8a62fdbb,2026-03-20T22:07:21.612303+00:00,2026-03-20T22:07:21.612303+00:00,
00c07614-80cc-42ed-aff8-0d492e75140d,a0000000-0000-0000-0000-000000000001,7dda8c61-2850-4ed5-873f-efd2f2e10e09,bdf3797e-66ef-4062-8a29-729b64574db3,venda,1,Venda #8a62fdbb,2026-03-20T22:07:21.612303+00:00,2026-03-20T22:07:21.612303+00:00,
86a8e001-85a5-4857-aaef-037f1132dcef,a0000000-0000-0000-0000-000000000001,4cf02afa-5f5c-4c35-aebe-009b762a5e65,bdf3797e-66ef-4062-8a29-729b64574db3,venda,1,Venda #ebd6eb2b,2026-03-20T22:02:05.505973+00:00,2026-03-20T22:02:05.505973+00:00,
b1b63a24-5dfa-4e09-8a0c-4824b38b550d,a0000000-0000-0000-0000-000000000001,7d91e638-7ce4-4fc5-ad43-22a4aac9b6d5,bdf3797e-66ef-4062-8a29-729b64574db3,venda,1,Venda #ebd6eb2b,2026-03-20T22:02:05.505973+00:00,2026-03-20T22:02:05.505973+00:00,
9a3d10ba-1a14-4f72-bd44-20f2e5fa7da5,a0000000-0000-0000-0000-000000000001,d770f4a4-1cdd-44ab-b37c-b50b5b4215ce,bdf3797e-66ef-4062-8a29-729b64574db3,venda,1,Venda #ebd6eb2b,2026-03-20T22:02:05.505973+00:00,2026-03-20T22:02:05.505973+00:00,
26242ad3-b84f-4af0-bacf-d8dae5e249b6,a0000000-0000-0000-0000-000000000001,7dda8c61-2850-4ed5-873f-efd2f2e10e09,bdf3797e-66ef-4062-8a29-729b64574db3,venda,2,Venda #ebd6eb2b,2026-03-20T22:02:05.505973+00:00,2026-03-20T22:02:05.505973+00:00,
365a5c3c-8c14-4353-b8f2-72535c67cfd1,a0000000-0000-0000-0000-000000000001,729754d1-6c91-4956-8e70-9acdee255936,bdf3797e-66ef-4062-8a29-729b64574db3,venda,1,Venda #7a134ffa,2026-03-20T00:55:59.862972+00:00,2026-03-20T00:55:59.862972+00:00,
c8771412-59aa-4531-a1e9-8f631816065c,a0000000-0000-0000-0000-000000000001,7d91e638-7ce4-4fc5-ad43-22a4aac9b6d5,bdf3797e-66ef-4062-8a29-729b64574db3,venda,1,Venda #7a134ffa,2026-03-20T00:55:59.862972+00:00,2026-03-20T00:55:59.862972+00:00,
8c73699a-aa91-47fc-ab3a-a56a42cca060,a0000000-0000-0000-0000-000000000001,d770f4a4-1cdd-44ab-b37c-b50b5b4215ce,bdf3797e-66ef-4062-8a29-729b64574db3,venda,1,Venda #7a134ffa,2026-03-20T00:55:59.862972+00:00,2026-03-20T00:55:59.862972+00:00,
47f6577c-8441-445f-b1dd-313f3e7fe8f6,a0000000-0000-0000-0000-000000000001,c2f9db98-c196-4eea-9d1a-b3a7f4b50718,bdf3797e-66ef-4062-8a29-729b64574db3,venda,1,Venda #7a134ffa,2026-03-20T00:55:59.862972+00:00,2026-03-20T00:55:59.862972+00:00,
3bb26b6b-4dff-46bd-9de5-516a203e788a,a0000000-0000-0000-0000-000000000001,d3bdc39a-4199-4936-b462-7a6b87f0d220,bdf3797e-66ef-4062-8a29-729b64574db3,venda,1,Venda #7a134ffa,2026-03-20T00:55:59.862972+00:00,2026-03-20T00:55:59.862972+00:00,
e72b9bb8-15b2-4069-9ad5-38b2c42455be,a0000000-0000-0000-0000-000000000001,ab60a0a7-07da-49d3-8d63-dbbe32ba2624,bdf3797e-66ef-4062-8a29-729b64574db3,venda,1,Venda #7a134ffa,2026-03-20T00:55:59.862972+00:00,2026-03-20T00:55:59.862972+00:00,
8ea0d2bf-67c0-4b2a-8684-664c7095de5b,a0000000-0000-0000-0000-000000000001,d3bdc39a-4199-4936-b462-7a6b87f0d220,bdf3797e-66ef-4062-8a29-729b64574db3,venda,1,Venda #7a134ffa,2026-03-20T00:55:59.862972+00:00,2026-03-20T00:55:59.862972+00:00,
072a99fe-2511-4ace-ad06-3adc439afeb3,a0000000-0000-0000-0000-000000000001,7dda8c61-2850-4ed5-873f-efd2f2e10e09,bdf3797e-66ef-4062-8a29-729b64574db3,venda,1,Venda #7a134ffa,2026-03-20T00:55:59.862972+00:00,2026-03-20T00:55:59.862972+00:00,
6f78e42f-0a4e-4e0d-b942-926489c9de61,a0000000-0000-0000-0000-000000000001,729754d1-6c91-4956-8e70-9acdee255936,bdf3797e-66ef-4062-8a29-729b64574db3,venda,1,Venda #14996c38,2026-03-20T00:53:50.731397+00:00,2026-03-20T00:53:50.731397+00:00,
504355f7-5a35-4690-a696-d43873f28166,a0000000-0000-0000-0000-000000000001,7dda8c61-2850-4ed5-873f-efd2f2e10e09,bdf3797e-66ef-4062-8a29-729b64574db3,venda,2,Venda #14996c38,2026-03-20T00:53:50.731397+00:00,2026-03-20T00:53:50.731397+00:00,
c2b9d298-29e1-491b-bd46-83f018c0e502,a0000000-0000-0000-0000-000000000001,d3bdc39a-4199-4936-b462-7a6b87f0d220,bdf3797e-66ef-4062-8a29-729b64574db3,venda,1,Venda #14996c38,2026-03-20T00:53:50.731397+00:00,2026-03-20T00:53:50.731397+00:00,
7190df75-f01f-48dc-865f-5cf9f49dcd39,a0000000-0000-0000-0000-000000000001,7d91e638-7ce4-4fc5-ad43-22a4aac9b6d5,bdf3797e-66ef-4062-8a29-729b64574db3,venda,1,Venda #14996c38,2026-03-20T00:53:50.731397+00:00,2026-03-20T00:53:50.731397+00:00,
4b6c3ac0-3d54-4ada-b166-ef116aeb2fd2,a0000000-0000-0000-0000-000000000001,729754d1-6c91-4956-8e70-9acdee255936,bdf3797e-66ef-4062-8a29-729b64574db3,venda,1,Venda #14996c38,2026-03-20T00:53:50.731397+00:00,2026-03-20T00:53:50.731397+00:00,
74c88330-d71c-4ffd-abc3-da3cee53e51b,a0000000-0000-0000-0000-000000000001,c2f9db98-c196-4eea-9d1a-b3a7f4b50718,bdf3797e-66ef-4062-8a29-729b64574db3,venda,1,Venda #47124ad2,2026-03-20T00:52:19.13696+00:00,2026-03-20T00:52:19.13696+00:00,
36fe12a6-2d10-4a27-acd3-f73cb58ebcf1,a0000000-0000-0000-0000-000000000001,d3bdc39a-4199-4936-b462-7a6b87f0d220,bdf3797e-66ef-4062-8a29-729b64574db3,venda,1,Venda #47124ad2,2026-03-20T00:52:19.13696+00:00,2026-03-20T00:52:19.13696+00:00,
7e1f218b-0522-4bba-bd8b-7816876c6293,a0000000-0000-0000-0000-000000000001,95d635ee-30e7-4c5a-b8bc-77475fc3f472,bdf3797e-66ef-4062-8a29-729b64574db3,venda,1,Venda #47124ad2,2026-03-20T00:52:19.13696+00:00,2026-03-20T00:52:19.13696+00:00,
a7f0e87d-09fe-4472-89d3-fddede588601,a0000000-0000-0000-0000-000000000001,729754d1-6c91-4956-8e70-9acdee255936,bdf3797e-66ef-4062-8a29-729b64574db3,venda,1,Venda #47124ad2,2026-03-20T00:52:19.13696+00:00,2026-03-20T00:52:19.13696+00:00,
c7738877-6912-425a-aa93-55818ef6e461,a0000000-0000-0000-0000-000000000001,7dda8c61-2850-4ed5-873f-efd2f2e10e09,bdf3797e-66ef-4062-8a29-729b64574db3,venda,1,Venda #47124ad2,2026-03-20T00:52:19.13696+00:00,2026-03-20T00:52:19.13696+00:00,
80f99895-86dd-469c-b0a5-d77f057b32ff,a0000000-0000-0000-0000-000000000001,729754d1-6c91-4956-8e70-9acdee255936,bdf3797e-66ef-4062-8a29-729b64574db3,venda,1,Venda #0db36ea2,2026-03-20T00:49:10.033241+00:00,2026-03-20T00:49:10.033241+00:00,
e782b5b4-9e3b-4955-91a9-ba4a7686878a,a0000000-0000-0000-0000-000000000001,6b81407a-6dad-4bde-b300-9e27767cc754,bdf3797e-66ef-4062-8a29-729b64574db3,venda,1,Venda #0db36ea2,2026-03-20T00:49:10.033241+00:00,2026-03-20T00:49:10.033241+00:00,
d6fe2b96-384c-4bd5-a291-f572f1e417d2,a0000000-0000-0000-0000-000000000001,c2f9db98-c196-4eea-9d1a-b3a7f4b50718,bdf3797e-66ef-4062-8a29-729b64574db3,venda,1,Venda #0db36ea2,2026-03-20T00:49:10.033241+00:00,2026-03-20T00:49:10.033241+00:00,
de38c696-eb28-49af-889e-10399221bdd5,a0000000-0000-0000-0000-000000000001,95d635ee-30e7-4c5a-b8bc-77475fc3f472,bdf3797e-66ef-4062-8a29-729b64574db3,venda,1,Venda #0db36ea2,2026-03-20T00:49:10.033241+00:00,2026-03-20T00:49:10.033241+00:00,
a746d969-fe72-49cd-ad50-3b1620da2565,a0000000-0000-0000-0000-000000000001,d3bdc39a-4199-4936-b462-7a6b87f0d220,bdf3797e-66ef-4062-8a29-729b64574db3,venda,1,Venda #0db36ea2,2026-03-20T00:49:10.033241+00:00,2026-03-20T00:49:10.033241+00:00,
e51dc90b-baf8-409f-9064-8684ace8e97d,a0000000-0000-0000-0000-000000000001,7dda8c61-2850-4ed5-873f-efd2f2e10e09,bdf3797e-66ef-4062-8a29-729b64574db3,venda,1,Venda #0db36ea2,2026-03-20T00:49:10.033241+00:00,2026-03-20T00:49:10.033241+00:00,
31ec9463-834b-42a6-8abd-f936e609f014,a0000000-0000-0000-0000-000000000001,d3bdc39a-4199-4936-b462-7a6b87f0d220,bdf3797e-66ef-4062-8a29-729b64574db3,venda,1,Venda #0db36ea2,2026-03-20T00:49:10.033241+00:00,2026-03-20T00:49:10.033241+00:00,
8b8054c6-cd10-47bc-a0d6-51a1f642569d,a0000000-0000-0000-0000-000000000001,729754d1-6c91-4956-8e70-9acdee255936,bdf3797e-66ef-4062-8a29-729b64574db3,venda,1,Venda #03e58e0d,2026-03-20T00:47:29.031707+00:00,2026-03-20T00:47:29.031707+00:00,
6a530d64-0109-410b-aace-0c74943da981,a0000000-0000-0000-0000-000000000001,6b81407a-6dad-4bde-b300-9e27767cc754,bdf3797e-66ef-4062-8a29-729b64574db3,venda,1,Venda #03e58e0d,2026-03-20T00:47:29.031707+00:00,2026-03-20T00:47:29.031707+00:00,
d2456da9-d820-4517-b8ce-927be409f6f2,a0000000-0000-0000-0000-000000000001,c2f9db98-c196-4eea-9d1a-b3a7f4b50718,bdf3797e-66ef-4062-8a29-729b64574db3,venda,1,Venda #03e58e0d,2026-03-20T00:47:29.031707+00:00,2026-03-20T00:47:29.031707+00:00,
b2e930ac-0ad9-4a92-bf6a-738c617a7f77,a0000000-0000-0000-0000-000000000001,95d635ee-30e7-4c5a-b8bc-77475fc3f472,bdf3797e-66ef-4062-8a29-729b64574db3,venda,1,Venda #03e58e0d,2026-03-20T00:47:29.031707+00:00,2026-03-20T00:47:29.031707+00:00,
748134e2-21df-44d6-9267-0a543ed2842f,a0000000-0000-0000-0000-000000000001,d3bdc39a-4199-4936-b462-7a6b87f0d220,bdf3797e-66ef-4062-8a29-729b64574db3,venda,1,Venda #03e58e0d,2026-03-20T00:47:29.031707+00:00,2026-03-20T00:47:29.031707+00:00,
b6062ae4-1361-4040-8a51-cef652c5220b,a0000000-0000-0000-0000-000000000001,d3bdc39a-4199-4936-b462-7a6b87f0d220,bdf3797e-66ef-4062-8a29-729b64574db3,venda,1,Venda #03e58e0d,2026-03-20T00:47:29.031707+00:00,2026-03-20T00:47:29.031707+00:00,
ddc1230a-2cc0-4ce2-b9cb-9387fc35625a,a0000000-0000-0000-0000-000000000001,7dda8c61-2850-4ed5-873f-efd2f2e10e09,bdf3797e-66ef-4062-8a29-729b64574db3,venda,1,Venda #03e58e0d,2026-03-20T00:47:29.031707+00:00,2026-03-20T00:47:29.031707+00:00,
bfb5b805-e662-4343-99c1-585f7a09c5b6,a0000000-0000-0000-0000-000000000001,729754d1-6c91-4956-8e70-9acdee255936,bdf3797e-66ef-4062-8a29-729b64574db3,venda,1,Venda #6e7faaf0,2026-03-20T00:44:00.737191+00:00,2026-03-20T00:44:00.737191+00:00,
a7d80999-c32e-4420-a95f-2485ffe2a266,a0000000-0000-0000-0000-000000000001,d3bdc39a-4199-4936-b462-7a6b87f0d220,bdf3797e-66ef-4062-8a29-729b64574db3,venda,1,Venda #6e7faaf0,2026-03-20T00:44:00.737191+00:00,2026-03-20T00:44:00.737191+00:00,
98348e2d-ae1f-4491-a0c3-181daa5a5762,a0000000-0000-0000-0000-000000000001,d3bdc39a-4199-4936-b462-7a6b87f0d220,bdf3797e-66ef-4062-8a29-729b64574db3,venda,1,Venda #6e7faaf0,2026-03-20T00:44:00.737191+00:00,2026-03-20T00:44:00.737191+00:00,
956184aa-47d9-4d64-a9f9-131522a480ce,a0000000-0000-0000-0000-000000000001,729754d1-6c91-4956-8e70-9acdee255936,bdf3797e-66ef-4062-8a29-729b64574db3,venda,1,Venda #41a317df,2026-03-20T00:43:20.306194+00:00,2026-03-20T00:43:20.306194+00:00,
15e6cbae-79d9-4d99-a5e8-c71a0c049959,a0000000-0000-0000-0000-000000000001,4cf02afa-5f5c-4c35-aebe-009b762a5e65,bdf3797e-66ef-4062-8a29-729b64574db3,venda,1,Venda #41a317df,2026-03-20T00:43:20.306194+00:00,2026-03-20T00:43:20.306194+00:00,
b5d2f560-1de1-411f-8017-d8cf3eb19d7e,a0000000-0000-0000-0000-000000000001,6b81407a-6dad-4bde-b300-9e27767cc754,bdf3797e-66ef-4062-8a29-729b64574db3,venda,1,Venda #41a317df,2026-03-20T00:43:20.306194+00:00,2026-03-20T00:43:20.306194+00:00,
412cfe1d-387b-487d-9f6c-08c5e9c9b202,a0000000-0000-0000-0000-000000000001,7dda8c61-2850-4ed5-873f-efd2f2e10e09,bdf3797e-66ef-4062-8a29-729b64574db3,venda,2,Venda #41a317df,2026-03-20T00:43:20.306194+00:00,2026-03-20T00:43:20.306194+00:00,
1b46bd3f-c47e-4548-a643-146ec7c86c61,a0000000-0000-0000-0000-000000000001,729754d1-6c91-4956-8e70-9acdee255936,bdf3797e-66ef-4062-8a29-729b64574db3,venda,1,Venda #e201121f,2026-03-19T23:32:54.826066+00:00,2026-03-19T23:32:54.826066+00:00,
904ebbe4-d410-4523-b53e-9212169d8dab,a0000000-0000-0000-0000-000000000001,2d3cefe8-94b5-44f9-af39-e2716e18e8db,bdf3797e-66ef-4062-8a29-729b64574db3,venda,2,Venda #bf6c4010,2026-03-19T13:40:44.742961+00:00,2026-03-19T13:40:44.742961+00:00,
326cec40-089f-43ad-b81b-e52273475136,a0000000-0000-0000-0000-000000000001,d3bdc39a-4199-4936-b462-7a6b87f0d220,bdf3797e-66ef-4062-8a29-729b64574db3,venda,1,Venda #bf6c4010,2026-03-19T13:40:44.742961+00:00,2026-03-19T13:40:44.742961+00:00,
cf06a327-803e-4342-85e8-f0d8325d67e8,a0000000-0000-0000-0000-000000000001,7dda8c61-2850-4ed5-873f-efd2f2e10e09,bdf3797e-66ef-4062-8a29-729b64574db3,venda,10,Venda #bf6c4010,2026-03-19T13:40:44.742961+00:00,2026-03-19T13:40:44.742961+00:00,
1504b857-2f93-4948-a156-0894bdfad71d,a0000000-0000-0000-0000-000000000001,729754d1-6c91-4956-8e70-9acdee255936,bdf3797e-66ef-4062-8a29-729b64574db3,venda,1,Venda #bf6c4010,2026-03-19T13:40:44.742961+00:00,2026-03-19T13:40:44.742961+00:00,
e8390322-24fc-446a-9dd6-50781d424f8f,a0000000-0000-0000-0000-000000000001,14854fa5-61bc-4e40-99af-610c7e95fc75,bdf3797e-66ef-4062-8a29-729b64574db3,venda,1,Venda #bf6c4010,2026-03-19T13:40:44.742961+00:00,2026-03-19T13:40:44.742961+00:00,
63ffca49-7e0d-47f9-a339-6e2a6a142969,a0000000-0000-0000-0000-000000000001,c2f9db98-c196-4eea-9d1a-b3a7f4b50718,bdf3797e-66ef-4062-8a29-729b64574db3,reposicao,2,,2026-03-17T23:49:51.173434+00:00,2026-03-17T23:49:51.173434+00:00,
f868d23b-60bc-4d0a-81ae-3b9adca00e66,a0000000-0000-0000-0000-000000000001,729754d1-6c91-4956-8e70-9acdee255936,bdf3797e-66ef-4062-8a29-729b64574db3,reposicao,22,,2026-03-17T23:49:28.664964+00:00,2026-03-17T23:49:28.664964+00:00,
d72f0af2-3cd3-4828-a276-ba9db1d25180,a0000000-0000-0000-0000-000000000001,4cf02afa-5f5c-4c35-aebe-009b762a5e65,bdf3797e-66ef-4062-8a29-729b64574db3,reposicao,51,,2026-03-17T23:49:28.664964+00:00,2026-03-17T23:49:28.664964+00:00,
935550a6-b761-4e10-9b16-c99123416cbc,a0000000-0000-0000-0000-000000000001,6b81407a-6dad-4bde-b300-9e27767cc754,bdf3797e-66ef-4062-8a29-729b64574db3,reposicao,7,,2026-03-17T23:49:28.664964+00:00,2026-03-17T23:49:28.664964+00:00,
0c883c8e-8e1c-4b1c-8789-d5b464d9019f,a0000000-0000-0000-0000-000000000001,7d91e638-7ce4-4fc5-ad43-22a4aac9b6d5,bdf3797e-66ef-4062-8a29-729b64574db3,reposicao,17,,2026-03-17T23:49:28.664964+00:00,2026-03-17T23:49:28.664964+00:00,
f1c76115-7dde-4356-9147-e6454f442906,a0000000-0000-0000-0000-000000000001,d770f4a4-1cdd-44ab-b37c-b50b5b4215ce,bdf3797e-66ef-4062-8a29-729b64574db3,reposicao,16,,2026-03-17T23:49:28.664964+00:00,2026-03-17T23:49:28.664964+00:00,
587ec71c-ccfc-4779-b18f-03fbec592e7a,a0000000-0000-0000-0000-000000000001,c2f9db98-c196-4eea-9d1a-b3a7f4b50718,bdf3797e-66ef-4062-8a29-729b64574db3,reposicao,14,,2026-03-17T23:49:28.664964+00:00,2026-03-17T23:49:28.664964+00:00,
790134c5-8bfb-45d8-baeb-d4fd7c7a6713,a0000000-0000-0000-0000-000000000001,2d3cefe8-94b5-44f9-af39-e2716e18e8db,bdf3797e-66ef-4062-8a29-729b64574db3,reposicao,4,,2026-03-17T23:49:28.664964+00:00,2026-03-17T23:49:28.664964+00:00,
92ee9ec8-8d9a-4923-a3dd-f08705bd135c,a0000000-0000-0000-0000-000000000001,7dda8c61-2850-4ed5-873f-efd2f2e10e09,bdf3797e-66ef-4062-8a29-729b64574db3,reposicao,99,,2026-03-17T23:49:28.664964+00:00,2026-03-17T23:49:28.664964+00:00,
937cb179-b87b-45bd-b854-bf774aed791e,a0000000-0000-0000-0000-000000000001,e8825e5c-d8b2-4c83-bc19-ba63bc6743d3,bdf3797e-66ef-4062-8a29-729b64574db3,reposicao,51,,2026-03-17T23:49:28.664964+00:00,2026-03-17T23:49:28.664964+00:00,
23593a71-4151-42a9-b32b-b5ca18593ee5,a0000000-0000-0000-0000-000000000001,95d635ee-30e7-4c5a-b8bc-77475fc3f472,bdf3797e-66ef-4062-8a29-729b64574db3,reposicao,14,,2026-03-17T23:49:28.664964+00:00,2026-03-17T23:49:28.664964+00:00,
3a5d0636-ca1d-451b-be4c-53d0d04163b6,a0000000-0000-0000-0000-000000000001,14854fa5-61bc-4e40-99af-610c7e95fc75,bdf3797e-66ef-4062-8a29-729b64574db3,reposicao,65,,2026-03-17T23:49:28.664964+00:00,2026-03-17T23:49:28.664964+00:00,
a3b9c000-6a38-44a1-a1f3-5ab9f1497de6,a0000000-0000-0000-0000-000000000001,d3bdc39a-4199-4936-b462-7a6b87f0d220,bdf3797e-66ef-4062-8a29-729b64574db3,reposicao,19,,2026-03-17T23:49:28.664964+00:00,2026-03-17T23:49:28.664964+00:00,
21f9b41a-1098-45f1-a488-faf6023c216b,a0000000-0000-0000-0000-000000000001,ab60a0a7-07da-49d3-8d63-dbbe32ba2624,bdf3797e-66ef-4062-8a29-729b64574db3,reposicao,8,,2026-03-17T23:49:28.664964+00:00,2026-03-17T23:49:28.664964+00:00,
0e9064e2-1278-4ada-9fec-ebb919a7144a,a0000000-0000-0000-0000-000000000001,d770f4a4-1cdd-44ab-b37c-b50b5b4215ce,bdf3797e-66ef-4062-8a29-729b64574db3,venda,1,Venda #4ed85331,2026-03-16T02:49:29.546982+00:00,2026-03-16T02:49:29.546982+00:00,
24c9240b-6e57-40c6-9412-9c44f3c01d16,a0000000-0000-0000-0000-000000000001,4cf02afa-5f5c-4c35-aebe-009b762a5e65,bdf3797e-66ef-4062-8a29-729b64574db3,venda,2,Venda #628cacc9,2026-03-16T02:49:10.948082+00:00,2026-03-16T02:49:10.948082+00:00,
cc3f3f09-1415-4847-84d5-7cd24cb474d8,a0000000-0000-0000-0000-000000000001,4cf02afa-5f5c-4c35-aebe-009b762a5e65,bdf3797e-66ef-4062-8a29-729b64574db3,venda,1,Venda #5c23fc5a,2026-03-16T02:48:15.457421+00:00,2026-03-16T02:48:15.457421+00:00,
ff24795b-8dde-4485-9c2e-86685923a14b,a0000000-0000-0000-0000-000000000001,d770f4a4-1cdd-44ab-b37c-b50b5b4215ce,bdf3797e-66ef-4062-8a29-729b64574db3,venda,1,Venda #5c23fc5a,2026-03-16T02:48:15.457421+00:00,2026-03-16T02:48:15.457421+00:00,
64a1876b-d08e-4332-ae18-552aad9dc13b,a0000000-0000-0000-0000-000000000001,e8825e5c-d8b2-4c83-bc19-ba63bc6743d3,bdf3797e-66ef-4062-8a29-729b64574db3,venda,2,Venda #5c23fc5a,2026-03-16T02:48:15.457421+00:00,2026-03-16T02:48:15.457421+00:00,
f0dc7d2f-9c4e-4a79-b583-d1324bffd9ca,a0000000-0000-0000-0000-000000000001,4cf02afa-5f5c-4c35-aebe-009b762a5e65,bdf3797e-66ef-4062-8a29-729b64574db3,venda,3,Venda #6155a851,2026-03-16T02:47:39.674683+00:00,2026-03-16T02:47:39.674683+00:00,
3476831b-30d3-4c79-b73c-b03a448e5df7,a0000000-0000-0000-0000-000000000001,c2f9db98-c196-4eea-9d1a-b3a7f4b50718,bdf3797e-66ef-4062-8a29-729b64574db3,venda,1,Venda #6155a851,2026-03-16T02:47:39.674683+00:00,2026-03-16T02:47:39.674683+00:00,
ada48fe2-da5b-468e-86ec-288daff6920a,a0000000-0000-0000-0000-000000000001,95d635ee-30e7-4c5a-b8bc-77475fc3f472,bdf3797e-66ef-4062-8a29-729b64574db3,venda,1,Venda #6155a851,2026-03-16T02:47:39.674683+00:00,2026-03-16T02:47:39.674683+00:00,
b65c7f8f-cd89-4c70-95e8-009c0d3532f9,a0000000-0000-0000-0000-000000000001,7d91e638-7ce4-4fc5-ad43-22a4aac9b6d5,bdf3797e-66ef-4062-8a29-729b64574db3,venda,1,Venda #6155a851,2026-03-16T02:47:39.674683+00:00,2026-03-16T02:47:39.674683+00:00,
a02ec789-a2e2-405b-b5b5-3651ee0cf8c1,a0000000-0000-0000-0000-000000000001,729754d1-6c91-4956-8e70-9acdee255936,bdf3797e-66ef-4062-8a29-729b64574db3,venda,1,Venda #6155a851,2026-03-16T02:47:39.674683+00:00,2026-03-16T02:47:39.674683+00:00,
ee8b5c34-9b72-4570-afd2-d3cd96bdce3e,a0000000-0000-0000-0000-000000000001,d770f4a4-1cdd-44ab-b37c-b50b5b4215ce,bdf3797e-66ef-4062-8a29-729b64574db3,venda,1,Venda #6155a851,2026-03-16T02:47:39.674683+00:00,2026-03-16T02:47:39.674683+00:00,
c5b68095-1084-48de-8b5a-71187b3c9611,a0000000-0000-0000-0000-000000000001,2d3cefe8-94b5-44f9-af39-e2716e18e8db,bdf3797e-66ef-4062-8a29-729b64574db3,venda,1,Venda #6155a851,2026-03-16T02:47:39.674683+00:00,2026-03-16T02:47:39.674683+00:00,
f505265d-f0f8-4a88-8011-6a886e35c201,a0000000-0000-0000-0000-000000000001,d3bdc39a-4199-4936-b462-7a6b87f0d220,bdf3797e-66ef-4062-8a29-729b64574db3,venda,1,Venda #6155a851,2026-03-16T02:47:39.674683+00:00,2026-03-16T02:47:39.674683+00:00,
d6322d62-2513-4344-9ca8-d893e0b73a36,a0000000-0000-0000-0000-000000000001,14854fa5-61bc-4e40-99af-610c7e95fc75,bdf3797e-66ef-4062-8a29-729b64574db3,venda,2,Venda #6155a851,2026-03-16T02:47:39.674683+00:00,2026-03-16T02:47:39.674683+00:00,
bb54892d-4089-4e8a-9415-277ae2155eda,a0000000-0000-0000-0000-000000000001,7dda8c61-2850-4ed5-873f-efd2f2e10e09,bdf3797e-66ef-4062-8a29-729b64574db3,venda,4,Venda #6155a851,2026-03-16T02:47:39.674683+00:00,2026-03-16T02:47:39.674683+00:00,
885f43a9-f748-4344-b103-08d3ed935da9,a0000000-0000-0000-0000-000000000001,e8825e5c-d8b2-4c83-bc19-ba63bc6743d3,bdf3797e-66ef-4062-8a29-729b64574db3,venda,3,Venda #6155a851,2026-03-16T02:47:39.674683+00:00,2026-03-16T02:47:39.674683+00:00,
2ea9b438-c0e2-4b0d-a81e-31271772fb56,a0000000-0000-0000-0000-000000000001,6b81407a-6dad-4bde-b300-9e27767cc754,bdf3797e-66ef-4062-8a29-729b64574db3,venda,1,Venda #6155a851,2026-03-16T02:47:39.674683+00:00,2026-03-16T02:47:39.674683+00:00,
d87ea578-9987-4964-bf15-6b1f0d79338b,a0000000-0000-0000-0000-000000000001,2d3cefe8-94b5-44f9-af39-e2716e18e8db,bdf3797e-66ef-4062-8a29-729b64574db3,venda,1,Venda #8738a656,2026-03-16T02:45:45.904264+00:00,2026-03-16T02:45:45.904264+00:00,
65e9c5e3-64f4-4392-982d-73724828ce6e,a0000000-0000-0000-0000-000000000001,d3bdc39a-4199-4936-b462-7a6b87f0d220,bdf3797e-66ef-4062-8a29-729b64574db3,venda,1,Venda #8738a656,2026-03-16T02:45:45.904264+00:00,2026-03-16T02:45:45.904264+00:00,
dcd0475a-1951-4405-91f6-8747b41e9cb6,a0000000-0000-0000-0000-000000000001,d3bdc39a-4199-4936-b462-7a6b87f0d220,bdf3797e-66ef-4062-8a29-729b64574db3,venda,1,Venda #ff8b69fc,2026-03-16T02:44:49.522992+00:00,2026-03-16T02:44:49.522992+00:00,
b2da72f9-1458-4289-9252-48fb652017c4,a0000000-0000-0000-0000-000000000001,4cf02afa-5f5c-4c35-aebe-009b762a5e65,bdf3797e-66ef-4062-8a29-729b64574db3,venda,1,Venda #ff8b69fc,2026-03-16T02:44:49.522992+00:00,2026-03-16T02:44:49.522992+00:00,
393a7b67-fbc2-4b80-a3bb-aabf5596c83f,a0000000-0000-0000-0000-000000000001,4cf02afa-5f5c-4c35-aebe-009b762a5e65,bdf3797e-66ef-4062-8a29-729b64574db3,venda,1,Venda #b74c72d9,2026-03-16T02:42:02.582015+00:00,2026-03-16T02:42:02.582015+00:00,
83b779fb-d558-4410-a784-4f6f8643546d,a0000000-0000-0000-0000-000000000001,7dda8c61-2850-4ed5-873f-efd2f2e10e09,bdf3797e-66ef-4062-8a29-729b64574db3,venda,1,Venda #b74c72d9,2026-03-16T02:42:02.582015+00:00,2026-03-16T02:42:02.582015+00:00,
cccfa97e-1608-41e0-b096-c59b67d45c72,a0000000-0000-0000-0000-000000000001,4cf02afa-5f5c-4c35-aebe-009b762a5e65,bdf3797e-66ef-4062-8a29-729b64574db3,venda,6,Venda #ae8fbcd1,2026-03-16T02:41:24.497813+00:00,2026-03-16T02:41:24.497813+00:00,
5b9d5937-d06e-4bbf-91f7-0427082f933e,a0000000-0000-0000-0000-000000000001,c2f9db98-c196-4eea-9d1a-b3a7f4b50718,bdf3797e-66ef-4062-8a29-729b64574db3,venda,1,Venda #ae8fbcd1,2026-03-16T02:41:24.497813+00:00,2026-03-16T02:41:24.497813+00:00,
2666ae0d-c2ba-496b-9054-fa575879b75c,a0000000-0000-0000-0000-000000000001,7dda8c61-2850-4ed5-873f-efd2f2e10e09,bdf3797e-66ef-4062-8a29-729b64574db3,venda,4,Venda #ae8fbcd1,2026-03-16T02:41:24.497813+00:00,2026-03-16T02:41:24.497813+00:00,
c25c7934-8405-4fb8-b962-4a71692a7b03,a0000000-0000-0000-0000-000000000001,729754d1-6c91-4956-8e70-9acdee255936,bdf3797e-66ef-4062-8a29-729b64574db3,venda,1,Venda #bf55fcb3,2026-03-16T02:39:51.86972+00:00,2026-03-16T02:39:51.86972+00:00,
15222a52-a9e9-4d65-bd14-5460bf889277,a0000000-0000-0000-0000-000000000001,c2f9db98-c196-4eea-9d1a-b3a7f4b50718,bdf3797e-66ef-4062-8a29-729b64574db3,venda,1,Venda #bf55fcb3,2026-03-16T02:39:51.86972+00:00,2026-03-16T02:39:51.86972+00:00,
0d7fe2d7-2d7c-40f1-96e2-353c7b7af65e,a0000000-0000-0000-0000-000000000001,d3bdc39a-4199-4936-b462-7a6b87f0d220,bdf3797e-66ef-4062-8a29-729b64574db3,venda,1,Venda #bf55fcb3,2026-03-16T02:39:51.86972+00:00,2026-03-16T02:39:51.86972+00:00,
eb801cfd-831f-41ff-b65c-4573f02907d7,a0000000-0000-0000-0000-000000000001,14854fa5-61bc-4e40-99af-610c7e95fc75,bdf3797e-66ef-4062-8a29-729b64574db3,venda,6,Venda #9ae74986,2026-03-16T02:39:14.937397+00:00,2026-03-16T02:39:14.937397+00:00,
edeae6e3-1c79-4710-8905-73b94518d9f9,a0000000-0000-0000-0000-000000000001,e8825e5c-d8b2-4c83-bc19-ba63bc6743d3,bdf3797e-66ef-4062-8a29-729b64574db3,venda,3,Venda #9ae74986,2026-03-16T02:39:14.937397+00:00,2026-03-16T02:39:14.937397+00:00,
4ccb5562-2931-4ce5-bcb1-7b1aff700092,a0000000-0000-0000-0000-000000000001,7dda8c61-2850-4ed5-873f-efd2f2e10e09,bdf3797e-66ef-4062-8a29-729b64574db3,venda,3,Venda #9ae74986,2026-03-16T02:39:14.937397+00:00,2026-03-16T02:39:14.937397+00:00,
eb5f2039-ee44-4b70-9ed0-716b355600a6,a0000000-0000-0000-0000-000000000001,4cf02afa-5f5c-4c35-aebe-009b762a5e65,bdf3797e-66ef-4062-8a29-729b64574db3,venda,3,Venda #90daf3ee,2026-03-16T02:37:55.12488+00:00,2026-03-16T02:37:55.12488+00:00,
d5336d7e-6263-4f3e-8bce-f80e17c76441,a0000000-0000-0000-0000-000000000001,ab60a0a7-07da-49d3-8d63-dbbe32ba2624,bdf3797e-66ef-4062-8a29-729b64574db3,venda,1,Venda #90daf3ee,2026-03-16T02:37:55.12488+00:00,2026-03-16T02:37:55.12488+00:00,
b5fe9e8b-d237-42fe-af39-2a8c3c1c834e,a0000000-0000-0000-0000-000000000001,4cf02afa-5f5c-4c35-aebe-009b762a5e65,bdf3797e-66ef-4062-8a29-729b64574db3,venda,4,Venda #f1c67a94,2026-03-16T02:36:28.635088+00:00,2026-03-16T02:36:28.635088+00:00,
9375e1a4-03c2-43d7-b7a0-82ac7fd80f66,a0000000-0000-0000-0000-000000000001,7dda8c61-2850-4ed5-873f-efd2f2e10e09,bdf3797e-66ef-4062-8a29-729b64574db3,venda,4,Venda #f1c67a94,2026-03-16T02:36:28.635088+00:00,2026-03-16T02:36:28.635088+00:00,
babe9850-db14-4974-86cb-b9370b30424b,a0000000-0000-0000-0000-000000000001,729754d1-6c91-4956-8e70-9acdee255936,bdf3797e-66ef-4062-8a29-729b64574db3,venda,1,Venda #3f0a4dcc,2026-03-16T02:34:55.905625+00:00,2026-03-16T02:34:55.905625+00:00,
4ed9c2de-afff-406d-a6b4-cc96d3af06c6,a0000000-0000-0000-0000-000000000001,4cf02afa-5f5c-4c35-aebe-009b762a5e65,bdf3797e-66ef-4062-8a29-729b64574db3,venda,1,Venda #752bfc1b,2026-03-16T02:33:22.557075+00:00,2026-03-16T02:33:22.557075+00:00,
05d84383-550d-46c4-beb6-37db46f8fb51,a0000000-0000-0000-0000-000000000001,d3bdc39a-4199-4936-b462-7a6b87f0d220,bdf3797e-66ef-4062-8a29-729b64574db3,venda,1,Venda #752bfc1b,2026-03-16T02:33:22.557075+00:00,2026-03-16T02:33:22.557075+00:00,
d4037d0d-4af9-49b8-a717-24b020188304,a0000000-0000-0000-0000-000000000001,14854fa5-61bc-4e40-99af-610c7e95fc75,bdf3797e-66ef-4062-8a29-729b64574db3,venda,6,Venda #752bfc1b,2026-03-16T02:33:22.557075+00:00,2026-03-16T02:33:22.557075+00:00,
273f5a1d-0ba2-47c6-a814-52dd6f6a04cc,a0000000-0000-0000-0000-000000000001,e8825e5c-d8b2-4c83-bc19-ba63bc6743d3,bdf3797e-66ef-4062-8a29-729b64574db3,venda,6,Venda #752bfc1b,2026-03-16T02:33:22.557075+00:00,2026-03-16T02:33:22.557075+00:00,
c408e8a9-37cf-408c-b0e8-f80d6b68d24b,a0000000-0000-0000-0000-000000000001,7dda8c61-2850-4ed5-873f-efd2f2e10e09,bdf3797e-66ef-4062-8a29-729b64574db3,venda,6,Venda #752bfc1b,2026-03-16T02:33:22.557075+00:00,2026-03-16T02:33:22.557075+00:00,
8f1b62d0-ddce-4861-8509-4beeb07ed216,a0000000-0000-0000-0000-000000000001,ab60a0a7-07da-49d3-8d63-dbbe32ba2624,bdf3797e-66ef-4062-8a29-729b64574db3,venda,1,Venda #15bcd71a,2026-03-16T02:32:20.155975+00:00,2026-03-16T02:32:20.155975+00:00,
dc576484-41bf-4d47-a355-bab2b87549fe,a0000000-0000-0000-0000-000000000001,95d635ee-30e7-4c5a-b8bc-77475fc3f472,bdf3797e-66ef-4062-8a29-729b64574db3,venda,1,Venda #15bcd71a,2026-03-16T02:32:20.155975+00:00,2026-03-16T02:32:20.155975+00:00,
735264b6-c77a-4a78-a8cf-12a09dec1cc7,a0000000-0000-0000-0000-000000000001,e8825e5c-d8b2-4c83-bc19-ba63bc6743d3,bdf3797e-66ef-4062-8a29-729b64574db3,venda,1,Venda #15bcd71a,2026-03-16T02:32:20.155975+00:00,2026-03-16T02:32:20.155975+00:00,
a6065773-7e75-4cd0-bfbd-849c11b2b933,a0000000-0000-0000-0000-000000000001,6b81407a-6dad-4bde-b300-9e27767cc754,bdf3797e-66ef-4062-8a29-729b64574db3,venda,1,Venda #15bcd71a,2026-03-16T02:32:20.155975+00:00,2026-03-16T02:32:20.155975+00:00,
73c02484-b155-473b-82d0-364739b76546,a0000000-0000-0000-0000-000000000001,4cf02afa-5f5c-4c35-aebe-009b762a5e65,bdf3797e-66ef-4062-8a29-729b64574db3,venda,3,Venda #7f2c925a,2026-03-16T02:29:37.358841+00:00,2026-03-16T02:29:37.358841+00:00,
5852004b-62ed-4223-aba8-4a8db3dc1cdc,a0000000-0000-0000-0000-000000000001,c2f9db98-c196-4eea-9d1a-b3a7f4b50718,bdf3797e-66ef-4062-8a29-729b64574db3,venda,1,Venda #7f2c925a,2026-03-16T02:29:37.358841+00:00,2026-03-16T02:29:37.358841+00:00,
e250ffc1-38df-4cd3-b04e-8efb9247b615,a0000000-0000-0000-0000-000000000001,95d635ee-30e7-4c5a-b8bc-77475fc3f472,bdf3797e-66ef-4062-8a29-729b64574db3,venda,1,Venda #7f2c925a,2026-03-16T02:29:37.358841+00:00,2026-03-16T02:29:37.358841+00:00,
a5f1ed5e-36e2-4c13-8751-0040580833d6,a0000000-0000-0000-0000-000000000001,d770f4a4-1cdd-44ab-b37c-b50b5b4215ce,bdf3797e-66ef-4062-8a29-729b64574db3,venda,1,Venda #7f2c925a,2026-03-16T02:29:37.358841+00:00,2026-03-16T02:29:37.358841+00:00,
388344d1-37a2-4825-b316-5bb10b0aba2f,a0000000-0000-0000-0000-000000000001,7dda8c61-2850-4ed5-873f-efd2f2e10e09,bdf3797e-66ef-4062-8a29-729b64574db3,venda,4,Venda #7f2c925a,2026-03-16T02:29:37.358841+00:00,2026-03-16T02:29:37.358841+00:00,
d1f79f10-a608-4051-81e7-d41490beba83,a0000000-0000-0000-0000-000000000001,4cf02afa-5f5c-4c35-aebe-009b762a5e65,bdf3797e-66ef-4062-8a29-729b64574db3,venda,2,Venda #2afc7b19,2026-03-16T02:27:53.263701+00:00,2026-03-16T02:27:53.263701+00:00,
c8cdb9b3-b34b-41e6-9f78-4ee836df1363,a0000000-0000-0000-0000-000000000001,c2f9db98-c196-4eea-9d1a-b3a7f4b50718,bdf3797e-66ef-4062-8a29-729b64574db3,venda,1,Venda #2afc7b19,2026-03-16T02:27:53.263701+00:00,2026-03-16T02:27:53.263701+00:00,
b290618a-9de7-4985-8f8e-c34b77d7dd4d,a0000000-0000-0000-0000-000000000001,7dda8c61-2850-4ed5-873f-efd2f2e10e09,bdf3797e-66ef-4062-8a29-729b64574db3,venda,6,Venda #2afc7b19,2026-03-16T02:27:53.263701+00:00,2026-03-16T02:27:53.263701+00:00,
7dc26954-efdb-4eb9-88be-2f1298a5f3c7,a0000000-0000-0000-0000-000000000001,14854fa5-61bc-4e40-99af-610c7e95fc75,bdf3797e-66ef-4062-8a29-729b64574db3,venda,1,Venda #2afc7b19,2026-03-16T02:27:53.263701+00:00,2026-03-16T02:27:53.263701+00:00,
7a0468e3-a6ff-4b9b-ad2f-26c5f0d82b1e,a0000000-0000-0000-0000-000000000001,4cf02afa-5f5c-4c35-aebe-009b762a5e65,bdf3797e-66ef-4062-8a29-729b64574db3,venda,4,Venda #c655b76b,2026-03-16T02:26:43.890152+00:00,2026-03-16T02:26:43.890152+00:00,
a373c13a-e7f1-454c-a7e0-b2ba60998f41,a0000000-0000-0000-0000-000000000001,c2f9db98-c196-4eea-9d1a-b3a7f4b50718,bdf3797e-66ef-4062-8a29-729b64574db3,venda,1,Venda #c655b76b,2026-03-16T02:26:43.890152+00:00,2026-03-16T02:26:43.890152+00:00,
05c85792-4f9e-4a26-b38c-7ebb4dc5c44f,a0000000-0000-0000-0000-000000000001,d3bdc39a-4199-4936-b462-7a6b87f0d220,bdf3797e-66ef-4062-8a29-729b64574db3,venda,1,Venda #c655b76b,2026-03-16T02:26:43.890152+00:00,2026-03-16T02:26:43.890152+00:00,
acc13578-7cdc-448b-bf07-03eae25657ea,a0000000-0000-0000-0000-000000000001,14854fa5-61bc-4e40-99af-610c7e95fc75,bdf3797e-66ef-4062-8a29-729b64574db3,venda,6,Venda #c655b76b,2026-03-16T02:26:43.890152+00:00,2026-03-16T02:26:43.890152+00:00,
65e97f79-b1a1-4eb7-be83-39cb40dce177,a0000000-0000-0000-0000-000000000001,7dda8c61-2850-4ed5-873f-efd2f2e10e09,bdf3797e-66ef-4062-8a29-729b64574db3,venda,1,Venda #c655b76b,2026-03-16T02:26:43.890152+00:00,2026-03-16T02:26:43.890152+00:00,
61f2b0cc-19e0-4c25-bdfe-16912dee26ce,a0000000-0000-0000-0000-000000000001,e8825e5c-d8b2-4c83-bc19-ba63bc6743d3,bdf3797e-66ef-4062-8a29-729b64574db3,venda,1,Venda #c655b76b,2026-03-16T02:26:43.890152+00:00,2026-03-16T02:26:43.890152+00:00,
c224c6e2-89cd-4ffc-8c94-aea75655dd55,a0000000-0000-0000-0000-000000000001,729754d1-6c91-4956-8e70-9acdee255936,bdf3797e-66ef-4062-8a29-729b64574db3,venda,1,Venda #c655b76b,2026-03-16T02:26:43.890152+00:00,2026-03-16T02:26:43.890152+00:00,
5baa229f-8540-4916-b3ac-3bc395a219c7,a0000000-0000-0000-0000-000000000001,729754d1-6c91-4956-8e70-9acdee255936,bdf3797e-66ef-4062-8a29-729b64574db3,venda,1,Venda #b6837e7a,2026-03-16T02:23:25.934042+00:00,2026-03-16T02:23:25.934042+00:00,
39f54e0d-a2d9-4731-af34-8a8b9d8643c8,a0000000-0000-0000-0000-000000000001,14854fa5-61bc-4e40-99af-610c7e95fc75,bdf3797e-66ef-4062-8a29-729b64574db3,venda,1,Venda #b6837e7a,2026-03-16T02:23:25.934042+00:00,2026-03-16T02:23:25.934042+00:00,
ba159c87-11ac-4812-84b3-317d74b248b2,a0000000-0000-0000-0000-000000000001,7dda8c61-2850-4ed5-873f-efd2f2e10e09,bdf3797e-66ef-4062-8a29-729b64574db3,venda,6,Venda #b6837e7a,2026-03-16T02:23:25.934042+00:00,2026-03-16T02:23:25.934042+00:00,
204669c7-e15e-47b6-88ef-216c02450752,a0000000-0000-0000-0000-000000000001,4cf02afa-5f5c-4c35-aebe-009b762a5e65,bdf3797e-66ef-4062-8a29-729b64574db3,venda,1,Venda #794bca7e,2026-03-15T11:40:51.254133+00:00,2026-03-15T11:40:51.254133+00:00,
bcec70fe-d476-4a26-b027-694126aa69fa,a0000000-0000-0000-0000-000000000001,c2f9db98-c196-4eea-9d1a-b3a7f4b50718,bdf3797e-66ef-4062-8a29-729b64574db3,venda,1,Venda #794bca7e,2026-03-15T11:40:51.254133+00:00,2026-03-15T11:40:51.254133+00:00,
0434b386-47fb-4099-a5fd-e9e26b4ae318,a0000000-0000-0000-0000-000000000001,14854fa5-61bc-4e40-99af-610c7e95fc75,bdf3797e-66ef-4062-8a29-729b64574db3,venda,2,Venda #794bca7e,2026-03-15T11:40:51.254133+00:00,2026-03-15T11:40:51.254133+00:00,
02e1cd8e-3982-44da-ae96-74a0e97f55bd,a0000000-0000-0000-0000-000000000001,7dda8c61-2850-4ed5-873f-efd2f2e10e09,bdf3797e-66ef-4062-8a29-729b64574db3,venda,3,Venda #794bca7e,2026-03-15T11:40:51.254133+00:00,2026-03-15T11:40:51.254133+00:00,
cbe9c34f-a1c9-4cb3-a134-193f672a5238,a0000000-0000-0000-0000-000000000001,e8825e5c-d8b2-4c83-bc19-ba63bc6743d3,bdf3797e-66ef-4062-8a29-729b64574db3,venda,3,Venda #794bca7e,2026-03-15T11:40:51.254133+00:00,2026-03-15T11:40:51.254133+00:00,
196bfe70-3ec2-4fb7-a2cb-cbe398f8b585,a0000000-0000-0000-0000-000000000001,95d635ee-30e7-4c5a-b8bc-77475fc3f472,bdf3797e-66ef-4062-8a29-729b64574db3,venda,1,Venda #794bca7e,2026-03-15T11:40:51.254133+00:00,2026-03-15T11:40:51.254133+00:00,
4349fdcd-2cc8-4dad-b6ef-c0c8a17d4db8,a0000000-0000-0000-0000-000000000001,14854fa5-61bc-4e40-99af-610c7e95fc75,bdf3797e-66ef-4062-8a29-729b64574db3,venda,1,Venda #3f4edfd1,2026-03-15T03:48:40.533091+00:00,2026-03-15T03:48:40.533091+00:00,
e3a52c15-52c5-40cd-8ea7-fc5c27c19629,a0000000-0000-0000-0000-000000000001,7dda8c61-2850-4ed5-873f-efd2f2e10e09,bdf3797e-66ef-4062-8a29-729b64574db3,venda,2,Venda #3f4edfd1,2026-03-15T03:48:40.533091+00:00,2026-03-15T03:48:40.533091+00:00,
23b64957-27d7-4268-af26-4fe032148076,a0000000-0000-0000-0000-000000000001,e8825e5c-d8b2-4c83-bc19-ba63bc6743d3,bdf3797e-66ef-4062-8a29-729b64574db3,venda,2,Venda #3f4edfd1,2026-03-15T03:48:40.533091+00:00,2026-03-15T03:48:40.533091+00:00,
ead1ac62-f563-485c-882f-6fec5195833d,a0000000-0000-0000-0000-000000000001,6b81407a-6dad-4bde-b300-9e27767cc754,bdf3797e-66ef-4062-8a29-729b64574db3,venda,1,Venda #3f4edfd1,2026-03-15T03:48:40.533091+00:00,2026-03-15T03:48:40.533091+00:00,
03fc4414-a1fb-4f36-8fdd-2e9120678c65,a0000000-0000-0000-0000-000000000001,729754d1-6c91-4956-8e70-9acdee255936,bdf3797e-66ef-4062-8a29-729b64574db3,venda,1,Venda #56e3283f,2026-03-15T03:47:22.288934+00:00,2026-03-15T03:47:22.288934+00:00,
0386ec3c-8621-41cc-b041-40dc200dd325,a0000000-0000-0000-0000-000000000001,d3bdc39a-4199-4936-b462-7a6b87f0d220,bdf3797e-66ef-4062-8a29-729b64574db3,venda,1,Venda #56e3283f,2026-03-15T03:47:22.288934+00:00,2026-03-15T03:47:22.288934+00:00,
541d7307-dc52-4f2b-b13b-a3f388f7e2fc,a0000000-0000-0000-0000-000000000001,729754d1-6c91-4956-8e70-9acdee255936,bdf3797e-66ef-4062-8a29-729b64574db3,venda,1,Venda #02191adf,2026-03-15T03:46:23.76084+00:00,2026-03-15T03:46:23.76084+00:00,
50450fd6-c3b1-40fe-915b-ff16800e44fd,a0000000-0000-0000-0000-000000000001,c2f9db98-c196-4eea-9d1a-b3a7f4b50718,bdf3797e-66ef-4062-8a29-729b64574db3,venda,1,Venda #02191adf,2026-03-15T03:46:23.76084+00:00,2026-03-15T03:46:23.76084+00:00,
83775e13-1732-4854-b699-3453f89ec0d6,a0000000-0000-0000-0000-000000000001,95d635ee-30e7-4c5a-b8bc-77475fc3f472,bdf3797e-66ef-4062-8a29-729b64574db3,venda,1,Venda #02191adf,2026-03-15T03:46:23.76084+00:00,2026-03-15T03:46:23.76084+00:00,
b34432e4-36f5-4803-ad96-4d149c05d658,a0000000-0000-0000-0000-000000000001,14854fa5-61bc-4e40-99af-610c7e95fc75,bdf3797e-66ef-4062-8a29-729b64574db3,venda,1,Venda #02191adf,2026-03-15T03:46:23.76084+00:00,2026-03-15T03:46:23.76084+00:00,
2f9ee935-6cf4-4ca9-92f6-0929c038870d,a0000000-0000-0000-0000-000000000001,7dda8c61-2850-4ed5-873f-efd2f2e10e09,bdf3797e-66ef-4062-8a29-729b64574db3,venda,1,Venda #02191adf,2026-03-15T03:46:23.76084+00:00,2026-03-15T03:46:23.76084+00:00,
62c142a3-e017-453d-927b-e30ed3b9a661,a0000000-0000-0000-0000-000000000001,6b81407a-6dad-4bde-b300-9e27767cc754,bdf3797e-66ef-4062-8a29-729b64574db3,venda,1,Venda #02191adf,2026-03-15T03:46:23.76084+00:00,2026-03-15T03:46:23.76084+00:00,
f5954842-061d-4d02-9193-cfa3fc4efe7e,a0000000-0000-0000-0000-000000000001,c2f9db98-c196-4eea-9d1a-b3a7f4b50718,bdf3797e-66ef-4062-8a29-729b64574db3,venda,1,Venda #35be2836,2026-03-15T03:45:14.181716+00:00,2026-03-15T03:45:14.181716+00:00,
c0ef3b26-cbd5-429f-9fc0-d3efc855f9f2,a0000000-0000-0000-0000-000000000001,7d91e638-7ce4-4fc5-ad43-22a4aac9b6d5,bdf3797e-66ef-4062-8a29-729b64574db3,venda,1,Venda #35be2836 (Kit: Kit Recuperação Extrema),2026-03-15T03:45:14.181716+00:00,2026-03-15T03:45:14.181716+00:00,2226c6ef-1524-4a0c-8c23-212efb54d06c
e9ff5c1a-6f79-4a02-a362-173df79248a1,a0000000-0000-0000-0000-000000000001,ab60a0a7-07da-49d3-8d63-dbbe32ba2624,bdf3797e-66ef-4062-8a29-729b64574db3,venda,1,Venda #35be2836 (Kit: Kit Recuperação Extrema),2026-03-15T03:45:14.181716+00:00,2026-03-15T03:45:14.181716+00:00,2226c6ef-1524-4a0c-8c23-212efb54d06c
cdc95076-4c83-48e2-8a12-ece064875d4a,a0000000-0000-0000-0000-000000000001,14854fa5-61bc-4e40-99af-610c7e95fc75,bdf3797e-66ef-4062-8a29-729b64574db3,venda,1,Venda #35be2836,2026-03-15T03:45:14.181716+00:00,2026-03-15T03:45:14.181716+00:00,
8b6eb8ed-8a4d-4aec-bf31-d3c58068d3aa,a0000000-0000-0000-0000-000000000001,7dda8c61-2850-4ed5-873f-efd2f2e10e09,bdf3797e-66ef-4062-8a29-729b64574db3,venda,1,Venda #35be2836,2026-03-15T03:45:14.181716+00:00,2026-03-15T03:45:14.181716+00:00,
5a173bfc-29e4-4357-b0c4-e6be1a96829c,a0000000-0000-0000-0000-000000000001,7d91e638-7ce4-4fc5-ad43-22a4aac9b6d5,bdf3797e-66ef-4062-8a29-729b64574db3,venda,1,Venda #bbe34cbd (Kit: Kit Recuperação Extrema),2026-03-15T03:44:26.624388+00:00,2026-03-15T03:44:26.624388+00:00,2226c6ef-1524-4a0c-8c23-212efb54d06c
040b376c-c7b2-49fb-9705-003d969c58cb,a0000000-0000-0000-0000-000000000001,ab60a0a7-07da-49d3-8d63-dbbe32ba2624,bdf3797e-66ef-4062-8a29-729b64574db3,venda,1,Venda #bbe34cbd (Kit: Kit Recuperação Extrema),2026-03-15T03:44:26.624388+00:00,2026-03-15T03:44:26.624388+00:00,2226c6ef-1524-4a0c-8c23-212efb54d06c
1fbd9a89-8677-453f-81fb-e5f5ad56825a,a0000000-0000-0000-0000-000000000001,7dda8c61-2850-4ed5-873f-efd2f2e10e09,bdf3797e-66ef-4062-8a29-729b64574db3,venda,1,Venda #bbe34cbd,2026-03-15T03:44:26.624388+00:00,2026-03-15T03:44:26.624388+00:00,
1c07218d-12e4-4e99-84c7-0e47d31a44f1,a0000000-0000-0000-0000-000000000001,c2f9db98-c196-4eea-9d1a-b3a7f4b50718,bdf3797e-66ef-4062-8a29-729b64574db3,venda,1,Venda #7218cb3d,2026-03-15T03:39:15.723341+00:00,2026-03-15T03:39:15.723341+00:00,
9a486c26-7ea1-490f-b205-aafcf7373031,a0000000-0000-0000-0000-000000000001,729754d1-6c91-4956-8e70-9acdee255936,bdf3797e-66ef-4062-8a29-729b64574db3,venda,1,Venda #7218cb3d,2026-03-15T03:39:15.723341+00:00,2026-03-15T03:39:15.723341+00:00,
9576ead0-3b14-4cda-a702-090d4005f74c,a0000000-0000-0000-0000-000000000001,14854fa5-61bc-4e40-99af-610c7e95fc75,bdf3797e-66ef-4062-8a29-729b64574db3,venda,10,Venda #7218cb3d,2026-03-15T03:39:15.723341+00:00,2026-03-15T03:39:15.723341+00:00,
4d1bef8b-8daa-4ccd-bb8e-fb50fcc3cdc4,a0000000-0000-0000-0000-000000000001,7dda8c61-2850-4ed5-873f-efd2f2e10e09,bdf3797e-66ef-4062-8a29-729b64574db3,venda,15,Venda #7218cb3d,2026-03-15T03:39:15.723341+00:00,2026-03-15T03:39:15.723341+00:00,
44af894b-72eb-47c5-ad75-1f639865ba74,a0000000-0000-0000-0000-000000000001,c2f9db98-c196-4eea-9d1a-b3a7f4b50718,bdf3797e-66ef-4062-8a29-729b64574db3,venda,1,Venda #b2549f32,2026-03-15T03:35:36.92796+00:00,2026-03-15T03:35:36.92796+00:00,
d722c2c1-a6cd-4f91-828b-213e4c705c69,a0000000-0000-0000-0000-000000000001,95d635ee-30e7-4c5a-b8bc-77475fc3f472,bdf3797e-66ef-4062-8a29-729b64574db3,venda,1,Venda #b2549f32,2026-03-15T03:35:36.92796+00:00,2026-03-15T03:35:36.92796+00:00,
5b47edff-41b6-4cc6-a937-5cbc2a9e69c7,a0000000-0000-0000-0000-000000000001,d3bdc39a-4199-4936-b462-7a6b87f0d220,bdf3797e-66ef-4062-8a29-729b64574db3,venda,1,Venda #b2549f32,2026-03-15T03:35:36.92796+00:00,2026-03-15T03:35:36.92796+00:00,
f94ae45c-d618-4632-a5e6-a6819f0503a0,a0000000-0000-0000-0000-000000000001,7dda8c61-2850-4ed5-873f-efd2f2e10e09,bdf3797e-66ef-4062-8a29-729b64574db3,venda,4,Venda #b2549f32,2026-03-15T03:35:36.92796+00:00,2026-03-15T03:35:36.92796+00:00,
aae65c30-8ba5-46a5-833f-a97c9b3d8857,a0000000-0000-0000-0000-000000000001,6b81407a-6dad-4bde-b300-9e27767cc754,bdf3797e-66ef-4062-8a29-729b64574db3,venda,1,Venda #b2549f32,2026-03-15T03:35:36.92796+00:00,2026-03-15T03:35:36.92796+00:00,
36920ea8-902d-47fe-9948-364b689bb7bd,a0000000-0000-0000-0000-000000000001,c2f9db98-c196-4eea-9d1a-b3a7f4b50718,bdf3797e-66ef-4062-8a29-729b64574db3,venda,1,Venda #9c194b97,2026-03-15T03:33:59.595798+00:00,2026-03-15T03:33:59.595798+00:00,
7aec2f80-3147-4400-8782-0dd352aad59c,a0000000-0000-0000-0000-000000000001,7dda8c61-2850-4ed5-873f-efd2f2e10e09,bdf3797e-66ef-4062-8a29-729b64574db3,venda,2,Venda #9c194b97,2026-03-15T03:33:59.595798+00:00,2026-03-15T03:33:59.595798+00:00,
3044511e-b80e-4cac-9d64-b7878db81d15,a0000000-0000-0000-0000-000000000001,14854fa5-61bc-4e40-99af-610c7e95fc75,bdf3797e-66ef-4062-8a29-729b64574db3,venda,1,Venda #9c194b97,2026-03-15T03:33:59.595798+00:00,2026-03-15T03:33:59.595798+00:00,
49f45d35-7d54-4abd-9ca6-702e4bc828f5,a0000000-0000-0000-0000-000000000001,4cf02afa-5f5c-4c35-aebe-009b762a5e65,bdf3797e-66ef-4062-8a29-729b64574db3,venda,1,Venda #6f5c5b30,2026-03-15T03:33:02.305831+00:00,2026-03-15T03:33:02.305831+00:00,
b688832c-fb40-4d37-9611-b71fdaa9585d,a0000000-0000-0000-0000-000000000001,95d635ee-30e7-4c5a-b8bc-77475fc3f472,bdf3797e-66ef-4062-8a29-729b64574db3,venda,1,Venda #6f5c5b30,2026-03-15T03:33:02.305831+00:00,2026-03-15T03:33:02.305831+00:00,
6d8d4c35-3f72-4ff7-a6ff-31483d150bdc,a0000000-0000-0000-0000-000000000001,729754d1-6c91-4956-8e70-9acdee255936,bdf3797e-66ef-4062-8a29-729b64574db3,venda,2,Venda #79853d0e,2026-03-15T03:31:23.793988+00:00,2026-03-15T03:31:23.793988+00:00,
e67d2fa3-0232-419d-8a3d-c2f14d6a205a,a0000000-0000-0000-0000-000000000001,7dda8c61-2850-4ed5-873f-efd2f2e10e09,bdf3797e-66ef-4062-8a29-729b64574db3,venda,1,Venda #79853d0e,2026-03-15T03:31:23.793988+00:00,2026-03-15T03:31:23.793988+00:00,
7899a549-77fd-4774-acc4-36782ad475a4,a0000000-0000-0000-0000-000000000001,729754d1-6c91-4956-8e70-9acdee255936,bdf3797e-66ef-4062-8a29-729b64574db3,venda,1,Venda #b3974d2a,2026-03-15T03:30:14.864708+00:00,2026-03-15T03:30:14.864708+00:00,
5dabbdb3-931d-4ccc-8c91-70eb2495fb5f,a0000000-0000-0000-0000-000000000001,14854fa5-61bc-4e40-99af-610c7e95fc75,bdf3797e-66ef-4062-8a29-729b64574db3,venda,4,Venda #6b84a089,2026-03-15T03:29:53.63703+00:00,2026-03-15T03:29:53.63703+00:00,
06e920d9-e171-4ff9-9285-fd9b2ddc3b4c,a0000000-0000-0000-0000-000000000001,7d91e638-7ce4-4fc5-ad43-22a4aac9b6d5,bdf3797e-66ef-4062-8a29-729b64574db3,venda,2,Venda #6b84a089,2026-03-15T03:29:53.63703+00:00,2026-03-15T03:29:53.63703+00:00,
dbb683b8-6b04-46d6-88b2-07269c3e6270,a0000000-0000-0000-0000-000000000001,4cf02afa-5f5c-4c35-aebe-009b762a5e65,bdf3797e-66ef-4062-8a29-729b64574db3,venda,2,Venda #96d26b08,2026-03-15T03:29:03.840079+00:00,2026-03-15T03:29:03.840079+00:00,
7cac82ca-99a0-467d-87cc-7c96db29286c,a0000000-0000-0000-0000-000000000001,7dda8c61-2850-4ed5-873f-efd2f2e10e09,bdf3797e-66ef-4062-8a29-729b64574db3,venda,2,Venda #96d26b08,2026-03-15T03:29:03.840079+00:00,2026-03-15T03:29:03.840079+00:00,
9efd566f-6b2b-4978-9723-c0025ae6ce0f,a0000000-0000-0000-0000-000000000001,729754d1-6c91-4956-8e70-9acdee255936,bdf3797e-66ef-4062-8a29-729b64574db3,venda,1,Venda #c4d10401,2026-03-15T03:27:25.292081+00:00,2026-03-15T03:27:25.292081+00:00,
b91b9104-8c0e-4f64-b301-341b79d28383,a0000000-0000-0000-0000-000000000001,d3bdc39a-4199-4936-b462-7a6b87f0d220,bdf3797e-66ef-4062-8a29-729b64574db3,venda,1,Venda #c4d10401,2026-03-15T03:27:25.292081+00:00,2026-03-15T03:27:25.292081+00:00,
8db8e016-855b-41ef-9d81-fffbde17f718,a0000000-0000-0000-0000-000000000001,7dda8c61-2850-4ed5-873f-efd2f2e10e09,bdf3797e-66ef-4062-8a29-729b64574db3,venda,1,Venda #c4d10401,2026-03-15T03:27:25.292081+00:00,2026-03-15T03:27:25.292081+00:00,
a077113c-5f65-43dd-9f02-5a57d9c0a007,a0000000-0000-0000-0000-000000000001,e8825e5c-d8b2-4c83-bc19-ba63bc6743d3,bdf3797e-66ef-4062-8a29-729b64574db3,venda,4,Venda #c4d10401,2026-03-15T03:27:25.292081+00:00,2026-03-15T03:27:25.292081+00:00,
d5e95142-906b-4fc9-b8fa-24b0b5f26541,a0000000-0000-0000-0000-000000000001,7d91e638-7ce4-4fc5-ad43-22a4aac9b6d5,bdf3797e-66ef-4062-8a29-729b64574db3,venda,1,Venda #fd93b0b3,2026-03-15T03:26:16.672419+00:00,2026-03-15T03:26:16.672419+00:00,
76d32dcf-bde3-4c0b-84ae-323add9fe0a2,a0000000-0000-0000-0000-000000000001,729754d1-6c91-4956-8e70-9acdee255936,bdf3797e-66ef-4062-8a29-729b64574db3,venda,1,Venda #fd93b0b3,2026-03-15T03:26:16.672419+00:00,2026-03-15T03:26:16.672419+00:00,
7394364b-71a9-4c47-9bcd-777f84bac763,a0000000-0000-0000-0000-000000000001,d3bdc39a-4199-4936-b462-7a6b87f0d220,bdf3797e-66ef-4062-8a29-729b64574db3,venda,1,Venda #fd93b0b3,2026-03-15T03:26:16.672419+00:00,2026-03-15T03:26:16.672419+00:00,
24914d62-51ae-471d-b8fd-00854c08ddcc,a0000000-0000-0000-0000-000000000001,14854fa5-61bc-4e40-99af-610c7e95fc75,bdf3797e-66ef-4062-8a29-729b64574db3,venda,1,Venda #fd93b0b3,2026-03-15T03:26:16.672419+00:00,2026-03-15T03:26:16.672419+00:00,
df78c21b-6ef7-402b-b59d-8e4e527d095c,a0000000-0000-0000-0000-000000000001,7dda8c61-2850-4ed5-873f-efd2f2e10e09,bdf3797e-66ef-4062-8a29-729b64574db3,venda,1,Venda #fd93b0b3,2026-03-15T03:26:16.672419+00:00,2026-03-15T03:26:16.672419+00:00,
b166f895-4257-4b03-a603-48ad6c338fce,a0000000-0000-0000-0000-000000000001,4cf02afa-5f5c-4c35-aebe-009b762a5e65,bdf3797e-66ef-4062-8a29-729b64574db3,venda,4,Venda #b353cafc,2026-03-15T03:24:37.186574+00:00,2026-03-15T03:24:37.186574+00:00,
855c15f3-b17a-47a9-805b-ead5d8680838,a0000000-0000-0000-0000-000000000001,d770f4a4-1cdd-44ab-b37c-b50b5b4215ce,bdf3797e-66ef-4062-8a29-729b64574db3,venda,1,Venda #b353cafc,2026-03-15T03:24:37.186574+00:00,2026-03-15T03:24:37.186574+00:00,
9eddcbbd-f925-4e1d-b8b7-8a58a57be60a,a0000000-0000-0000-0000-000000000001,c2f9db98-c196-4eea-9d1a-b3a7f4b50718,bdf3797e-66ef-4062-8a29-729b64574db3,venda,1,Venda #007c1f91,2026-03-15T03:22:27.851004+00:00,2026-03-15T03:22:27.851004+00:00,
dcf27d43-155c-462d-bc6a-65ac12506c47,a0000000-0000-0000-0000-000000000001,d3bdc39a-4199-4936-b462-7a6b87f0d220,bdf3797e-66ef-4062-8a29-729b64574db3,venda,1,Venda #007c1f91,2026-03-15T03:22:27.851004+00:00,2026-03-15T03:22:27.851004+00:00,
32ab656e-4aa0-4b15-ac27-f95378969e2b,a0000000-0000-0000-0000-000000000001,c2f9db98-c196-4eea-9d1a-b3a7f4b50718,bdf3797e-66ef-4062-8a29-729b64574db3,venda,1,Venda #ffcaf195,2026-03-15T03:17:54.638013+00:00,2026-03-15T03:17:54.638013+00:00,
2f952592-2995-4721-97f4-3358e199caa1,a0000000-0000-0000-0000-000000000001,14854fa5-61bc-4e40-99af-610c7e95fc75,bdf3797e-66ef-4062-8a29-729b64574db3,venda,2,Venda #a0208306,2026-03-15T03:16:17.741661+00:00,2026-03-15T03:16:17.741661+00:00,
17dd0c84-c5de-46b5-a7ca-c4e2d9d411e0,a0000000-0000-0000-0000-000000000001,4cf02afa-5f5c-4c35-aebe-009b762a5e65,bdf3797e-66ef-4062-8a29-729b64574db3,venda,2,Venda #a0208306,2026-03-15T03:16:17.741661+00:00,2026-03-15T03:16:17.741661+00:00,
44f4bfbf-7788-40ce-9f85-aa685e651db8,a0000000-0000-0000-0000-000000000001,7dda8c61-2850-4ed5-873f-efd2f2e10e09,bdf3797e-66ef-4062-8a29-729b64574db3,venda,1,Venda #3bd8b9c1,2026-03-15T03:09:44.684315+00:00,2026-03-15T03:09:44.684315+00:00,
5f454f3f-55be-4d41-a4f6-3a6d9dec862b,a0000000-0000-0000-0000-000000000001,d3bdc39a-4199-4936-b462-7a6b87f0d220,bdf3797e-66ef-4062-8a29-729b64574db3,venda,1,Venda #3bd8b9c1,2026-03-15T03:09:44.684315+00:00,2026-03-15T03:09:44.684315+00:00,
37cac2b4-8ac3-4d80-97b9-19c07307e05e,a0000000-0000-0000-0000-000000000001,7dda8c61-2850-4ed5-873f-efd2f2e10e09,bdf3797e-66ef-4062-8a29-729b64574db3,venda,4,Venda #c06b8bfb,2026-03-15T03:08:30.149772+00:00,2026-03-15T03:08:30.149772+00:00,
5ac2b4ad-2161-4b13-80aa-6c84d3e44fc4,a0000000-0000-0000-0000-000000000001,14854fa5-61bc-4e40-99af-610c7e95fc75,bdf3797e-66ef-4062-8a29-729b64574db3,venda,4,Venda #c06b8bfb,2026-03-15T03:08:30.149772+00:00,2026-03-15T03:08:30.149772+00:00,
1baee9ea-7286-4618-8049-fe57b0432a2e,a0000000-0000-0000-0000-000000000001,7dda8c61-2850-4ed5-873f-efd2f2e10e09,bdf3797e-66ef-4062-8a29-729b64574db3,venda,3,Venda #78300772,2026-03-15T03:06:55.026523+00:00,2026-03-15T03:06:55.026523+00:00,
c17ccb16-acb4-476b-badf-48d4afef66e7,a0000000-0000-0000-0000-000000000001,7d91e638-7ce4-4fc5-ad43-22a4aac9b6d5,bdf3797e-66ef-4062-8a29-729b64574db3,venda,1,Venda #a35cf0ea,2026-03-15T03:05:57.859605+00:00,2026-03-15T03:05:57.859605+00:00,
582d984f-2d1a-40ed-b82d-ea9d2b63b427,a0000000-0000-0000-0000-000000000001,d3bdc39a-4199-4936-b462-7a6b87f0d220,bdf3797e-66ef-4062-8a29-729b64574db3,venda,1,Venda #0fd5f272,2026-03-15T03:05:37.426489+00:00,2026-03-15T03:05:37.426489+00:00,
4aaa2f6b-9cf7-46bb-a7d3-9b6c2dd625aa,a0000000-0000-0000-0000-000000000001,e8825e5c-d8b2-4c83-bc19-ba63bc6743d3,bdf3797e-66ef-4062-8a29-729b64574db3,venda,1,Venda #0fd5f272,2026-03-15T03:05:37.426489+00:00,2026-03-15T03:05:37.426489+00:00,
59a8b115-674d-4742-abee-ee773dc4480d,a0000000-0000-0000-0000-000000000001,729754d1-6c91-4956-8e70-9acdee255936,bdf3797e-66ef-4062-8a29-729b64574db3,venda,1,Venda #c0a07577,2026-03-15T03:04:56.384541+00:00,2026-03-15T03:04:56.384541+00:00,
85915b40-e8c9-48ea-8a44-b0659e142a5d,a0000000-0000-0000-0000-000000000001,d3bdc39a-4199-4936-b462-7a6b87f0d220,bdf3797e-66ef-4062-8a29-729b64574db3,venda,2,Venda #da5d3a54,2026-03-15T03:01:41.0956+00:00,2026-03-15T03:01:41.0956+00:00,
d75e6633-8438-4401-9727-53ea7ebdbd46,a0000000-0000-0000-0000-000000000001,95d635ee-30e7-4c5a-b8bc-77475fc3f472,bdf3797e-66ef-4062-8a29-729b64574db3,venda,1,Venda #da5d3a54,2026-03-15T03:01:41.0956+00:00,2026-03-15T03:01:41.0956+00:00,
87bfdb76-12ed-453a-a1d4-384319a221ca,a0000000-0000-0000-0000-000000000001,e8825e5c-d8b2-4c83-bc19-ba63bc6743d3,bdf3797e-66ef-4062-8a29-729b64574db3,venda,3,Venda #da5d3a54,2026-03-15T03:01:41.0956+00:00,2026-03-15T03:01:41.0956+00:00,
db23ee3b-ac5c-4f2a-b891-cae39893a784,a0000000-0000-0000-0000-000000000001,7dda8c61-2850-4ed5-873f-efd2f2e10e09,bdf3797e-66ef-4062-8a29-729b64574db3,venda,3,Venda #da5d3a54,2026-03-15T03:01:41.0956+00:00,2026-03-15T03:01:41.0956+00:00,
3dc80b7c-170a-44bb-837f-368e09830d01,a0000000-0000-0000-0000-000000000001,7d91e638-7ce4-4fc5-ad43-22a4aac9b6d5,bdf3797e-66ef-4062-8a29-729b64574db3,venda,1,Venda #ab32dbca,2026-03-15T02:51:23.152193+00:00,2026-03-15T02:51:23.152193+00:00,
62fb03b0-63e7-4ebd-9018-c6ea06aef63a,a0000000-0000-0000-0000-000000000001,d770f4a4-1cdd-44ab-b37c-b50b5b4215ce,bdf3797e-66ef-4062-8a29-729b64574db3,venda,2,Venda #ab32dbca,2026-03-15T02:51:23.152193+00:00,2026-03-15T02:51:23.152193+00:00,
3146cf26-0d03-4565-bca5-7aed08ebb11b,a0000000-0000-0000-0000-000000000001,14854fa5-61bc-4e40-99af-610c7e95fc75,bdf3797e-66ef-4062-8a29-729b64574db3,venda,1,Venda #ab32dbca,2026-03-15T02:51:23.152193+00:00,2026-03-15T02:51:23.152193+00:00,
290c32e8-e83a-414e-a552-f02bf8287a23,a0000000-0000-0000-0000-000000000001,7dda8c61-2850-4ed5-873f-efd2f2e10e09,bdf3797e-66ef-4062-8a29-729b64574db3,venda,3,Venda #ab32dbca,2026-03-15T02:51:23.152193+00:00,2026-03-15T02:51:23.152193+00:00,
f971222d-a72c-40b0-bcaf-af9bb484e397,a0000000-0000-0000-0000-000000000001,e8825e5c-d8b2-4c83-bc19-ba63bc6743d3,bdf3797e-66ef-4062-8a29-729b64574db3,venda,3,Venda #ab32dbca,2026-03-15T02:51:23.152193+00:00,2026-03-15T02:51:23.152193+00:00,
90a87c4e-1f09-4acb-b403-9a94c3c689c8,a0000000-0000-0000-0000-000000000001,4cf02afa-5f5c-4c35-aebe-009b762a5e65,bdf3797e-66ef-4062-8a29-729b64574db3,venda,2,Venda #93478b13,2026-03-15T02:48:02.238568+00:00,2026-03-15T02:48:02.238568+00:00,
ea478057-6c7c-4ee8-89b8-a729451235f8,a0000000-0000-0000-0000-000000000001,d770f4a4-1cdd-44ab-b37c-b50b5b4215ce,bdf3797e-66ef-4062-8a29-729b64574db3,venda,1,Venda #93478b13,2026-03-15T02:48:02.238568+00:00,2026-03-15T02:48:02.238568+00:00,
2f297301-b53e-4fe6-a739-b24f3e7ca172,a0000000-0000-0000-0000-000000000001,7dda8c61-2850-4ed5-873f-efd2f2e10e09,bdf3797e-66ef-4062-8a29-729b64574db3,venda,3,Venda #93478b13,2026-03-15T02:48:02.238568+00:00,2026-03-15T02:48:02.238568+00:00,
b3a97411-af0f-42f8-9a80-58883499d549,a0000000-0000-0000-0000-000000000001,d3bdc39a-4199-4936-b462-7a6b87f0d220,bdf3797e-66ef-4062-8a29-729b64574db3,venda,1,Venda #f29a0278,2026-03-15T02:46:14.927836+00:00,2026-03-15T02:46:14.927836+00:00,
0fead493-cd96-4114-818e-25bf5609047d,a0000000-0000-0000-0000-000000000001,729754d1-6c91-4956-8e70-9acdee255936,bdf3797e-66ef-4062-8a29-729b64574db3,venda,1,Venda #f29a0278,2026-03-15T02:46:14.927836+00:00,2026-03-15T02:46:14.927836+00:00,
0b971fb3-d5ef-47be-8782-e82ce5d8cbd2,a0000000-0000-0000-0000-000000000001,4cf02afa-5f5c-4c35-aebe-009b762a5e65,bdf3797e-66ef-4062-8a29-729b64574db3,venda,1,Venda #e98b8220,2026-03-15T02:41:16.571564+00:00,2026-03-15T02:41:16.571564+00:00,
ea39792d-641b-4343-88ef-843567c056da,a0000000-0000-0000-0000-000000000001,729754d1-6c91-4956-8e70-9acdee255936,bdf3797e-66ef-4062-8a29-729b64574db3,venda,1,Venda #e98b8220,2026-03-15T02:41:16.571564+00:00,2026-03-15T02:41:16.571564+00:00,
04f21e44-ce53-401d-9098-a3ed29a85ce8,a0000000-0000-0000-0000-000000000001,7d91e638-7ce4-4fc5-ad43-22a4aac9b6d5,bdf3797e-66ef-4062-8a29-729b64574db3,venda,1,Venda #e98b8220,2026-03-15T02:41:16.571564+00:00,2026-03-15T02:41:16.571564+00:00,
863c83ee-b188-4240-ba5c-741ff56d3a62,a0000000-0000-0000-0000-000000000001,2d3cefe8-94b5-44f9-af39-e2716e18e8db,bdf3797e-66ef-4062-8a29-729b64574db3,venda,1,Venda #e98b8220,2026-03-15T02:41:16.571564+00:00,2026-03-15T02:41:16.571564+00:00,
4799989f-b8a3-4bda-bc5c-74957b182435,a0000000-0000-0000-0000-000000000001,14854fa5-61bc-4e40-99af-610c7e95fc75,bdf3797e-66ef-4062-8a29-729b64574db3,venda,6,Venda #e98b8220,2026-03-15T02:41:16.571564+00:00,2026-03-15T02:41:16.571564+00:00,
8d5d1bce-fedb-46cf-bddc-bff19cda9b74,a0000000-0000-0000-0000-000000000001,7dda8c61-2850-4ed5-873f-efd2f2e10e09,bdf3797e-66ef-4062-8a29-729b64574db3,venda,1,Venda #e98b8220,2026-03-15T02:41:16.571564+00:00,2026-03-15T02:41:16.571564+00:00,
ab1c4cf6-20fb-4ec5-804b-c3bad44b8b88,a0000000-0000-0000-0000-000000000001,e8825e5c-d8b2-4c83-bc19-ba63bc6743d3,bdf3797e-66ef-4062-8a29-729b64574db3,venda,2,Venda #e98b8220,2026-03-15T02:41:16.571564+00:00,2026-03-15T02:41:16.571564+00:00,
09455b58-1577-40a2-bd8c-07b412b68e95,a0000000-0000-0000-0000-000000000001,d770f4a4-1cdd-44ab-b37c-b50b5b4215ce,bdf3797e-66ef-4062-8a29-729b64574db3,venda,1,Venda #e98b8220,2026-03-15T02:41:16.571564+00:00,2026-03-15T02:41:16.571564+00:00,
cd82c738-938e-494e-8cd0-aa01cf1875df,a0000000-0000-0000-0000-000000000001,4cf02afa-5f5c-4c35-aebe-009b762a5e65,bdf3797e-66ef-4062-8a29-729b64574db3,venda,1,Venda #49516110,2026-03-15T02:35:07.268464+00:00,2026-03-15T02:35:07.268464+00:00,
7391c685-3a07-45e4-a0c2-8bf6abf65ed0,a0000000-0000-0000-0000-000000000001,c2f9db98-c196-4eea-9d1a-b3a7f4b50718,bdf3797e-66ef-4062-8a29-729b64574db3,venda,1,Venda #49516110,2026-03-15T02:35:07.268464+00:00,2026-03-15T02:35:07.268464+00:00,
58c897bb-7c6c-4f0b-8386-6d483208976c,a0000000-0000-0000-0000-000000000001,7d91e638-7ce4-4fc5-ad43-22a4aac9b6d5,bdf3797e-66ef-4062-8a29-729b64574db3,venda,1,Venda #49516110,2026-03-15T02:35:07.268464+00:00,2026-03-15T02:35:07.268464+00:00,
96241286-7288-477c-b8b5-014fde8906b2,a0000000-0000-0000-0000-000000000001,95d635ee-30e7-4c5a-b8bc-77475fc3f472,bdf3797e-66ef-4062-8a29-729b64574db3,venda,1,Venda #49516110,2026-03-15T02:35:07.268464+00:00,2026-03-15T02:35:07.268464+00:00,
7b3ec5f3-6d36-4175-aaa7-dbf41bb33d5f,a0000000-0000-0000-0000-000000000001,d3bdc39a-4199-4936-b462-7a6b87f0d220,bdf3797e-66ef-4062-8a29-729b64574db3,venda,1,Venda #49516110,2026-03-15T02:35:07.268464+00:00,2026-03-15T02:35:07.268464+00:00,
19b66607-cb35-4cba-ac3c-5ffd40c48e68,a0000000-0000-0000-0000-000000000001,e8825e5c-d8b2-4c83-bc19-ba63bc6743d3,bdf3797e-66ef-4062-8a29-729b64574db3,venda,3,Venda #49516110,2026-03-15T02:35:07.268464+00:00,2026-03-15T02:35:07.268464+00:00,
d05045dc-0833-4886-856b-493474845466,a0000000-0000-0000-0000-000000000001,7dda8c61-2850-4ed5-873f-efd2f2e10e09,bdf3797e-66ef-4062-8a29-729b64574db3,venda,3,Venda #49516110,2026-03-15T02:35:07.268464+00:00,2026-03-15T02:35:07.268464+00:00,
2cbf868a-eeb1-4f7f-9f7f-2b306eb32f52,a0000000-0000-0000-0000-000000000001,14854fa5-61bc-4e40-99af-610c7e95fc75,bdf3797e-66ef-4062-8a29-729b64574db3,venda,6,Venda #49516110,2026-03-15T02:35:07.268464+00:00,2026-03-15T02:35:07.268464+00:00,
4b1e129a-2a71-4c3c-a86b-ded9e358945e,a0000000-0000-0000-0000-000000000001,c2f9db98-c196-4eea-9d1a-b3a7f4b50718,bdf3797e-66ef-4062-8a29-729b64574db3,venda,1,Venda #63aa8c02,2026-03-15T02:17:57.556503+00:00,2026-03-15T02:17:57.556503+00:00,
a4cfa4b2-7000-4530-b3ab-c5bf256f632b,a0000000-0000-0000-0000-000000000001,729754d1-6c91-4956-8e70-9acdee255936,bdf3797e-66ef-4062-8a29-729b64574db3,venda,2,Venda #63aa8c02,2026-03-15T02:17:57.556503+00:00,2026-03-15T02:17:57.556503+00:00,
c4c90579-5218-493e-837b-6692caf2f4ff,a0000000-0000-0000-0000-000000000001,14854fa5-61bc-4e40-99af-610c7e95fc75,bdf3797e-66ef-4062-8a29-729b64574db3,venda,1,Venda #63aa8c02,2026-03-15T02:17:57.556503+00:00,2026-03-15T02:17:57.556503+00:00,
c525d54c-b988-49b9-aabd-2a6e4afa6659,a0000000-0000-0000-0000-000000000001,4cf02afa-5f5c-4c35-aebe-009b762a5e65,bdf3797e-66ef-4062-8a29-729b64574db3,venda,3,Venda #6bbc7f35,2026-03-15T02:11:48.82603+00:00,2026-03-15T02:11:48.82603+00:00,
5acb729d-9a88-451a-b469-49de35946276,a0000000-0000-0000-0000-000000000001,7d91e638-7ce4-4fc5-ad43-22a4aac9b6d5,bdf3797e-66ef-4062-8a29-729b64574db3,venda,4,Venda #6bbc7f35,2026-03-15T02:11:48.82603+00:00,2026-03-15T02:11:48.82603+00:00,
c4b78bb5-52a2-4ff6-b6f0-721e678427a9,a0000000-0000-0000-0000-000000000001,729754d1-6c91-4956-8e70-9acdee255936,bdf3797e-66ef-4062-8a29-729b64574db3,venda,1,Venda #0a9591d6,2026-03-15T02:07:06.6085+00:00,2026-03-15T02:07:06.6085+00:00,
1039a11c-b079-48ac-a553-0be355d6141a,a0000000-0000-0000-0000-000000000001,d3bdc39a-4199-4936-b462-7a6b87f0d220,bdf3797e-66ef-4062-8a29-729b64574db3,venda,1,Venda #0a9591d6,2026-03-15T02:07:06.6085+00:00,2026-03-15T02:07:06.6085+00:00,
a846230c-74d7-4305-9f09-2f734ef7019b,a0000000-0000-0000-0000-000000000001,95d635ee-30e7-4c5a-b8bc-77475fc3f472,bdf3797e-66ef-4062-8a29-729b64574db3,venda,1,Venda #0a9591d6,2026-03-15T02:07:06.6085+00:00,2026-03-15T02:07:06.6085+00:00,
73596917-8f6b-4857-9136-75c4ba4943f1,a0000000-0000-0000-0000-000000000001,14854fa5-61bc-4e40-99af-610c7e95fc75,bdf3797e-66ef-4062-8a29-729b64574db3,venda,1,Venda #cf5e6243,2026-03-15T02:06:11.890493+00:00,2026-03-15T02:06:11.890493+00:00,
9bac4c06-4057-4eac-845f-eb7ae260956a,a0000000-0000-0000-0000-000000000001,6b81407a-6dad-4bde-b300-9e27767cc754,bdf3797e-66ef-4062-8a29-729b64574db3,venda,1,Venda #cf5e6243,2026-03-15T02:06:11.890493+00:00,2026-03-15T02:06:11.890493+00:00,
48c747fe-3be4-44e6-9f66-f5020e822b51,a0000000-0000-0000-0000-000000000001,95d635ee-30e7-4c5a-b8bc-77475fc3f472,bdf3797e-66ef-4062-8a29-729b64574db3,venda,1,Venda #af55b58a,2026-03-15T01:55:36.539404+00:00,2026-03-15T01:55:36.539404+00:00,
85f8e2d5-4622-4327-bbab-f268e1bd9ad5,a0000000-0000-0000-0000-000000000001,ab60a0a7-07da-49d3-8d63-dbbe32ba2624,bdf3797e-66ef-4062-8a29-729b64574db3,venda,1,Venda #af55b58a,2026-03-15T01:55:36.539404+00:00,2026-03-15T01:55:36.539404+00:00,
751cc9c8-0c73-4be5-9611-7f57d5678167,a0000000-0000-0000-0000-000000000001,95d635ee-30e7-4c5a-b8bc-77475fc3f472,bdf3797e-66ef-4062-8a29-729b64574db3,venda,2,Venda #d6b6214c,2026-03-15T01:37:49.111153+00:00,2026-03-15T01:37:49.111153+00:00,
313303aa-0508-4352-90b1-00d7bcd28818,a0000000-0000-0000-0000-000000000001,ab60a0a7-07da-49d3-8d63-dbbe32ba2624,bdf3797e-66ef-4062-8a29-729b64574db3,venda,2,Venda #d6b6214c,2026-03-15T01:37:49.111153+00:00,2026-03-15T01:37:49.111153+00:00,
6e87c8f0-2bcb-45d4-a7ef-8f7ded9bd8db,a0000000-0000-0000-0000-000000000001,7d91e638-7ce4-4fc5-ad43-22a4aac9b6d5,bdf3797e-66ef-4062-8a29-729b64574db3,venda,1,Venda #d6b6214c,2026-03-15T01:37:49.111153+00:00,2026-03-15T01:37:49.111153+00:00,
03b660bd-a36f-4bdc-8f79-52d0b6c3c89b,a0000000-0000-0000-0000-000000000001,d770f4a4-1cdd-44ab-b37c-b50b5b4215ce,bdf3797e-66ef-4062-8a29-729b64574db3,venda,2,Venda #d6b6214c,2026-03-15T01:37:49.111153+00:00,2026-03-15T01:37:49.111153+00:00,
3b157c2b-7ad7-423c-bbfe-2bbb88114fd6,a0000000-0000-0000-0000-000000000001,2d3cefe8-94b5-44f9-af39-e2716e18e8db,bdf3797e-66ef-4062-8a29-729b64574db3,venda,1,Venda #d6b6214c,2026-03-15T01:37:49.111153+00:00,2026-03-15T01:37:49.111153+00:00,
71a871c2-cfee-41e8-957b-f752079cfda3,a0000000-0000-0000-0000-000000000001,e8825e5c-d8b2-4c83-bc19-ba63bc6743d3,bdf3797e-66ef-4062-8a29-729b64574db3,venda,9,Venda #d6b6214c,2026-03-15T01:37:49.111153+00:00,2026-03-15T01:37:49.111153+00:00,
b71de96c-68ac-4586-ad05-51fb89df0328,a0000000-0000-0000-0000-000000000001,729754d1-6c91-4956-8e70-9acdee255936,bdf3797e-66ef-4062-8a29-729b64574db3,venda,1,Venda #d6b6214c,2026-03-15T01:37:49.111153+00:00,2026-03-15T01:37:49.111153+00:00,
3cbbf853-694c-4b58-a4f3-841834502a86,a0000000-0000-0000-0000-000000000001,7dda8c61-2850-4ed5-873f-efd2f2e10e09,bdf3797e-66ef-4062-8a29-729b64574db3,venda,2,Venda #d6b6214c,2026-03-15T01:37:49.111153+00:00,2026-03-15T01:37:49.111153+00:00,
35e009ba-bbd5-4e4e-b7a1-56b86c17198a,a0000000-0000-0000-0000-000000000001,729754d1-6c91-4956-8e70-9acdee255936,bdf3797e-66ef-4062-8a29-729b64574db3,venda,1,Venda #0c2cf0a0,2026-03-14T17:53:17.469391+00:00,2026-03-14T17:53:17.469391+00:00,
083acc4b-25d1-4bee-a607-4f192efc8af6,a0000000-0000-0000-0000-000000000001,7d91e638-7ce4-4fc5-ad43-22a4aac9b6d5,bdf3797e-66ef-4062-8a29-729b64574db3,venda,1,Venda #0c2cf0a0,2026-03-14T17:53:17.469391+00:00,2026-03-14T17:53:17.469391+00:00,
3155be25-7942-480e-a33f-57d8c3258b4a,a0000000-0000-0000-0000-000000000001,7d91e638-7ce4-4fc5-ad43-22a4aac9b6d5,bdf3797e-66ef-4062-8a29-729b64574db3,venda,1,Venda #8a28baae (Kit: Kit Recuperação Extrema),2026-03-14T15:49:19.56577+00:00,2026-03-14T15:49:19.56577+00:00,2226c6ef-1524-4a0c-8c23-212efb54d06c
1c9ff641-5fd6-4926-9fe1-1dc9955cca64,a0000000-0000-0000-0000-000000000001,ab60a0a7-07da-49d3-8d63-dbbe32ba2624,bdf3797e-66ef-4062-8a29-729b64574db3,venda,1,Venda #8a28baae (Kit: Kit Recuperação Extrema),2026-03-14T15:49:19.56577+00:00,2026-03-14T15:49:19.56577+00:00,2226c6ef-1524-4a0c-8c23-212efb54d06c
c674da03-0d45-4e69-8ba4-29f081e51197,a0000000-0000-0000-0000-000000000001,e8825e5c-d8b2-4c83-bc19-ba63bc6743d3,bdf3797e-66ef-4062-8a29-729b64574db3,venda,2,Venda #8a28baae,2026-03-14T15:49:19.56577+00:00,2026-03-14T15:49:19.56577+00:00,
069bf965-1603-44c1-abdb-a28d3632424d,a0000000-0000-0000-0000-000000000001,4cf02afa-5f5c-4c35-aebe-009b762a5e65,bdf3797e-66ef-4062-8a29-729b64574db3,venda,3,Venda #b6486d55,2026-03-14T00:33:44.493636+00:00,2026-03-14T00:33:44.493636+00:00,
00533ed7-c8c9-4c92-8d31-e7f324a077a8,a0000000-0000-0000-0000-000000000001,95d635ee-30e7-4c5a-b8bc-77475fc3f472,bdf3797e-66ef-4062-8a29-729b64574db3,venda,1,Venda #b6486d55,2026-03-14T00:33:44.493636+00:00,2026-03-14T00:33:44.493636+00:00,
6dbf4621-9749-4e5d-8245-738a78a47646,a0000000-0000-0000-0000-000000000001,729754d1-6c91-4956-8e70-9acdee255936,bdf3797e-66ef-4062-8a29-729b64574db3,venda,1,Venda #b6486d55,2026-03-14T00:33:44.493636+00:00,2026-03-14T00:33:44.493636+00:00,
ab6289a5-ea40-45dd-86d0-0e48723ad76c,a0000000-0000-0000-0000-000000000001,6b81407a-6dad-4bde-b300-9e27767cc754,bdf3797e-66ef-4062-8a29-729b64574db3,venda,1,Venda #b6486d55,2026-03-14T00:33:44.493636+00:00,2026-03-14T00:33:44.493636+00:00,
dc57fe2e-6504-47e7-a9e2-3761bfc321b7,a0000000-0000-0000-0000-000000000001,d770f4a4-1cdd-44ab-b37c-b50b5b4215ce,bdf3797e-66ef-4062-8a29-729b64574db3,venda,5,Venda #b6486d55,2026-03-14T00:33:44.493636+00:00,2026-03-14T00:33:44.493636+00:00,
b07bb1e6-bcaa-4606-aeca-96ebf38a8631,a0000000-0000-0000-0000-000000000001,7dda8c61-2850-4ed5-873f-efd2f2e10e09,bdf3797e-66ef-4062-8a29-729b64574db3,venda,3,Venda #b6486d55,2026-03-14T00:33:44.493636+00:00,2026-03-14T00:33:44.493636+00:00,
0941272f-7f33-4e29-bd48-43825d4bb024,a0000000-0000-0000-0000-000000000001,e8825e5c-d8b2-4c83-bc19-ba63bc6743d3,bdf3797e-66ef-4062-8a29-729b64574db3,venda,3,Venda #b6486d55,2026-03-14T00:33:44.493636+00:00,2026-03-14T00:33:44.493636+00:00,
5d2a8a0e-bb94-4a61-9aec-2e00ae91d6d5,a0000000-0000-0000-0000-000000000001,14854fa5-61bc-4e40-99af-610c7e95fc75,bdf3797e-66ef-4062-8a29-729b64574db3,venda,1,Venda #b6486d55,2026-03-14T00:33:44.493636+00:00,2026-03-14T00:33:44.493636+00:00,
05c00624-220c-4567-bc38-c44febb8d34d,a0000000-0000-0000-0000-000000000001,d3bdc39a-4199-4936-b462-7a6b87f0d220,bdf3797e-66ef-4062-8a29-729b64574db3,venda,1,Venda #b6486d55,2026-03-14T00:33:44.493636+00:00,2026-03-14T00:33:44.493636+00:00,