id,empresa_id,venda_id,cliente_id,numero,valor_total,valor_pago,saldo,vencimento,status,forma_pagamento,observacoes,data_pagamento,created_at,updated_at,ultima_cobranca
fa309929-185a-4469-a8f6-be57f496dfc2,a0000000-0000-0000-0000-000000000001,b6486d55-9452-48f4-ba05-340aa7ab716c,33a905a5-d399-47bf-b5ee-bb45e1fa1ead,1,280,0,280,2026-04-14,pendente,crediario,,,2026-03-14T00:33:44.889442+00:00,2026-03-14T00:33:44.889442+00:00,
28389498-2c1c-4eeb-adc9-f10baf4dfb75,a0000000-0000-0000-0000-000000000001,b6486d55-9452-48f4-ba05-340aa7ab716c,33a905a5-d399-47bf-b5ee-bb45e1fa1ead,2,280,0,280,2026-05-14,pendente,crediario,,,2026-03-14T00:33:44.889442+00:00,2026-03-14T00:33:44.889442+00:00,
359a8a08-2acc-4352-9db7-c51c8efa3a64,a0000000-0000-0000-0000-000000000001,b6486d55-9452-48f4-ba05-340aa7ab716c,33a905a5-d399-47bf-b5ee-bb45e1fa1ead,3,280,0,280,2026-06-14,pendente,crediario,,,2026-03-14T00:33:44.889442+00:00,2026-03-14T00:33:44.889442+00:00,
39b9e0e2-620d-4b75-81e6-ef05911d8a17,a0000000-0000-0000-0000-000000000001,b6486d55-9452-48f4-ba05-340aa7ab716c,33a905a5-d399-47bf-b5ee-bb45e1fa1ead,4,280,0,280,2026-07-14,pendente,crediario,,,2026-03-14T00:33:44.889442+00:00,2026-03-14T00:33:44.889442+00:00,
e4749eda-e050-4fc4-8be6-a56e1ce86fa6,a0000000-0000-0000-0000-000000000001,b6486d55-9452-48f4-ba05-340aa7ab716c,33a905a5-d399-47bf-b5ee-bb45e1fa1ead,5,280,0,280,2026-08-14,pendente,crediario,,,2026-03-14T00:33:44.889442+00:00,2026-03-14T00:33:44.889442+00:00,
695bc85d-0f3f-49a0-a3e8-20c1d689811f,a0000000-0000-0000-0000-000000000001,8a28baae-28a8-4293-a044-1201c226da97,f655676e-5258-4110-ab26-8b859d28b97b,1,250,0,250,2026-04-14,pendente,crediario,,,2026-03-14T15:49:19.56577+00:00,2026-03-14T15:49:19.56577+00:00,
b76e4f9d-2c63-4155-acb5-176ddfb9e2a7,a0000000-0000-0000-0000-000000000001,0c2cf0a0-f500-4232-a200-327934bb1fac,22f4017f-f259-45b1-9b5d-8c91a2cb42fb,1,250,0,250,2026-04-14,pendente,crediario,,,2026-03-14T17:53:17.469391+00:00,2026-03-14T17:53:17.469391+00:00,
cc8ecc6d-6039-4a30-8a1d-9072e06cdc79,a0000000-0000-0000-0000-000000000001,d6b6214c-09c6-44a9-b1d8-6b63bb0952af,19b11210-4f7e-4188-bc9f-3aaae0580de1,1,1155,0,1155,2026-04-15,pendente,crediario,,,2026-03-15T01:37:49.111153+00:00,2026-03-15T01:37:49.111153+00:00,
0fb4bfd6-11b3-4a4c-a988-727d4fea7004,a0000000-0000-0000-0000-000000000001,,6a6520b9-ca6d-419a-8d3c-287604b3eecc,1,201.68,0,201.68,2026-03-15,pendente,boleto,,,2026-03-15T01:45:25.928763+00:00,2026-03-15T01:45:25.928763+00:00,
9617d73d-91d8-4c66-aec5-24aabb4dbfda,a0000000-0000-0000-0000-000000000001,,6a6520b9-ca6d-419a-8d3c-287604b3eecc,2,201.66,0,201.66,2026-04-15,pendente,boleto,,,2026-03-15T01:45:25.928763+00:00,2026-03-15T01:45:25.928763+00:00,
51eef59f-4563-47b8-bb27-e3ff93693bc2,a0000000-0000-0000-0000-000000000001,,6a6520b9-ca6d-419a-8d3c-287604b3eecc,3,201.66,0,201.66,2026-05-15,pendente,boleto,,,2026-03-15T01:45:25.928763+00:00,2026-03-15T01:45:25.928763+00:00,
a412d9d7-695e-4395-b6b4-1156d3d84676,a0000000-0000-0000-0000-000000000001,,84c8730c-6102-4583-ae19-9c00682f1d14,1,232.5,0,232.5,2026-03-15,pendente,boleto,,,2026-03-15T01:50:21.011961+00:00,2026-03-15T01:50:21.011961+00:00,
a29b7bb3-56a2-4e68-8b2e-e837eca7b927,a0000000-0000-0000-0000-000000000001,,84c8730c-6102-4583-ae19-9c00682f1d14,2,232.5,0,232.5,2026-04-15,pendente,boleto,,,2026-03-15T01:50:21.011961+00:00,2026-03-15T01:50:21.011961+00:00,
fc973602-9ce8-4348-9915-6ae0601227ef,a0000000-0000-0000-0000-000000000001,,84c8730c-6102-4583-ae19-9c00682f1d14,3,232.5,0,232.5,2026-05-15,pendente,boleto,,,2026-03-15T01:50:21.011961+00:00,2026-03-15T01:50:21.011961+00:00,
975290e3-3ed1-4686-bb98-d5b829cedd19,a0000000-0000-0000-0000-000000000001,,84c8730c-6102-4583-ae19-9c00682f1d14,4,232.5,0,232.5,2026-06-15,pendente,boleto,,,2026-03-15T01:50:21.011961+00:00,2026-03-15T01:50:21.011961+00:00,
b445cc5d-f342-4b00-a202-ed639d2b19f7,a0000000-0000-0000-0000-000000000001,,84c8730c-6102-4583-ae19-9c00682f1d14,5,232.5,0,232.5,2026-07-15,pendente,boleto,,,2026-03-15T01:50:21.011961+00:00,2026-03-15T01:50:21.011961+00:00,
6fe17343-b5a9-40b4-b4db-2db6ba057377,a0000000-0000-0000-0000-000000000001,,84c8730c-6102-4583-ae19-9c00682f1d14,6,232.5,0,232.5,2026-08-15,pendente,boleto,,,2026-03-15T01:50:21.011961+00:00,2026-03-15T01:50:21.011961+00:00,
aeb8fdd1-5280-4a77-a471-afa4b9cca17e,a0000000-0000-0000-0000-000000000001,,84c8730c-6102-4583-ae19-9c00682f1d14,7,232.5,0,232.5,2026-09-15,pendente,boleto,,,2026-03-15T01:50:21.011961+00:00,2026-03-15T01:50:21.011961+00:00,
557c5f56-e2eb-418d-90a2-403b95df9b86,a0000000-0000-0000-0000-000000000001,,84c8730c-6102-4583-ae19-9c00682f1d14,8,232.5,0,232.5,2026-10-15,pendente,boleto,,,2026-03-15T01:50:21.011961+00:00,2026-03-15T01:50:21.011961+00:00,
91a0348f-b69e-4cd2-a8e0-3368dd6ea989,a0000000-0000-0000-0000-000000000001,,84c8730c-6102-4583-ae19-9c00682f1d14,9,232.5,0,232.5,2026-11-15,pendente,boleto,,,2026-03-15T01:50:21.011961+00:00,2026-03-15T01:50:21.011961+00:00,
3e9480c5-2732-4e62-8b82-bfed2e7c4de5,a0000000-0000-0000-0000-000000000001,,84c8730c-6102-4583-ae19-9c00682f1d14,10,232.5,0,232.5,2026-12-15,pendente,boleto,,,2026-03-15T01:50:21.011961+00:00,2026-03-15T01:50:21.011961+00:00,
82312f84-131b-4020-9423-373e38f40448,a0000000-0000-0000-0000-000000000001,,2f28a951-7efa-4f49-8836-62b8b02d5abb,1,110,0,110,2026-03-15,pendente,boleto,,,2026-03-15T01:52:32.258949+00:00,2026-03-15T01:52:32.258949+00:00,
ac3306a7-5235-49e8-9d36-3cd42d1c576b,a0000000-0000-0000-0000-000000000001,af55b58a-f424-4f5d-b6a7-12e6c85920bb,0214adaf-78f4-48b8-bed1-3d75f9389169,1,185,0,185,2026-04-15,pendente,crediario,,,2026-03-15T01:55:36.539404+00:00,2026-03-15T01:55:36.539404+00:00,
95614e30-3f39-4c0c-8457-f4a0e49e4793,a0000000-0000-0000-0000-000000000001,cf5e6243-9585-422c-96c6-36cd9430406c,13529d51-5c97-446b-8612-bbc0eb11b618,1,115,0,115,2026-04-15,pendente,crediario,,,2026-03-15T02:06:11.890493+00:00,2026-03-15T02:06:11.890493+00:00,
4357d660-02a5-4fc9-bfdc-b653ae018245,a0000000-0000-0000-0000-000000000001,,2a9177d1-228e-4df5-af5e-7bead04c4fbc,1,185,0,185,2026-03-15,pendente,crediario,,,2026-03-15T02:09:08.997478+00:00,2026-03-15T02:09:08.997478+00:00,
40290d35-0f0b-4beb-a462-b7c1bf27d07d,a0000000-0000-0000-0000-000000000001,,2a9177d1-228e-4df5-af5e-7bead04c4fbc,2,185,0,185,2026-04-15,pendente,crediario,,,2026-03-15T02:09:08.997478+00:00,2026-03-15T02:09:08.997478+00:00,
a99aff91-9766-4fa1-a6f1-e6d36065a29b,a0000000-0000-0000-0000-000000000001,,2a9177d1-228e-4df5-af5e-7bead04c4fbc,3,185,0,185,2026-05-15,pendente,crediario,,,2026-03-15T02:09:08.997478+00:00,2026-03-15T02:09:08.997478+00:00,
1950d443-45b1-4f8b-947a-90ee3c20034d,a0000000-0000-0000-0000-000000000001,6bbc7f35-2fb0-4618-9807-5f6a1360424a,b56faefd-4aba-4bee-8b78-0e21d42923df,1,225,0,225,2026-04-15,pendente,crediario,,,2026-03-15T02:11:48.82603+00:00,2026-03-15T02:11:48.82603+00:00,
c9aafb63-3a6d-41b6-9b33-abc09450873d,a0000000-0000-0000-0000-000000000001,6bbc7f35-2fb0-4618-9807-5f6a1360424a,b56faefd-4aba-4bee-8b78-0e21d42923df,2,225,0,225,2026-05-15,pendente,crediario,,,2026-03-15T02:11:48.82603+00:00,2026-03-15T02:11:48.82603+00:00,
b0be4d4b-cd29-4832-b648-cdc3d7de9482,a0000000-0000-0000-0000-000000000001,,4c410395-3883-4395-a63f-75a39718d469,1,200,0,200,2026-03-15,pendente,transferencia,,,2026-03-15T02:13:03.11422+00:00,2026-03-15T02:13:03.11422+00:00,
91ea8bc7-0dce-451d-a62c-921f6f5102bb,a0000000-0000-0000-0000-000000000001,,4c410395-3883-4395-a63f-75a39718d469,2,200,0,200,2026-04-15,pendente,transferencia,,,2026-03-15T02:13:03.11422+00:00,2026-03-15T02:13:03.11422+00:00,
b2449e5e-fb24-4496-bb0f-7465bbdedd76,a0000000-0000-0000-0000-000000000001,,4c410395-3883-4395-a63f-75a39718d469,3,200,0,200,2026-05-15,pendente,transferencia,,,2026-03-15T02:13:03.11422+00:00,2026-03-15T02:13:03.11422+00:00,
11731ea8-c2cb-4176-a0eb-6529d45dd3b2,a0000000-0000-0000-0000-000000000001,,272b3bc5-d0d3-4fab-8ace-6381426eec18,1,172.5,0,172.5,2026-03-15,pendente,transferencia,,,2026-03-15T02:13:46.494797+00:00,2026-03-15T02:13:46.494797+00:00,
51ed46c9-fcb6-4a69-8acc-2241a84b7a11,a0000000-0000-0000-0000-000000000001,,272b3bc5-d0d3-4fab-8ace-6381426eec18,2,172.5,0,172.5,2026-04-15,pendente,transferencia,,,2026-03-15T02:13:46.494797+00:00,2026-03-15T02:13:46.494797+00:00,
aca5cdd2-4ed4-4bb8-bcc2-1d262533bd3b,a0000000-0000-0000-0000-000000000001,,1971dced-b72b-4725-a6b0-55c0ad689881,1,200,0,200,2026-03-15,pendente,transferencia,,,2026-03-15T02:14:24.823353+00:00,2026-03-15T02:14:24.823353+00:00,
7df74a3c-0cc9-4264-8d80-69b49e079700,a0000000-0000-0000-0000-000000000001,,1971dced-b72b-4725-a6b0-55c0ad689881,2,200,0,200,2026-04-15,pendente,transferencia,,,2026-03-15T02:14:24.823353+00:00,2026-03-15T02:14:24.823353+00:00,
909944ce-81b2-487a-a17a-0d33b06d8656,a0000000-0000-0000-0000-000000000001,,0215089d-74c8-4afe-8ab2-571945740834,1,280,0,280,2026-03-15,pendente,crediario,,,2026-03-15T02:15:13.914763+00:00,2026-03-15T02:15:13.914763+00:00,
2be3ebf1-c058-4a41-b920-1e2763daf770,a0000000-0000-0000-0000-000000000001,,525f3c6c-185f-4b72-be6f-e6ca7f272782,1,80,0,80,2026-03-15,pendente,boleto,,,2026-03-15T02:19:13.913122+00:00,2026-03-15T02:19:13.913122+00:00,
619826b5-d5c5-49bd-8c07-3a847e92f1e5,a0000000-0000-0000-0000-000000000001,,5d7f4243-9bdd-44c3-b076-79cea7850cf1,2,244,0,244,2026-04-15,pendente,crediario,,,2026-03-15T02:32:28.732562+00:00,2026-03-15T02:32:28.732562+00:00,
83078c1c-c1b7-480e-b8bd-abfdbc7109b5,a0000000-0000-0000-0000-000000000001,,5d7f4243-9bdd-44c3-b076-79cea7850cf1,3,244,0,244,2026-05-15,pendente,crediario,,,2026-03-15T02:32:28.732562+00:00,2026-03-15T02:32:28.732562+00:00,
a16e13ee-c7a6-4b98-b7a8-c8d55d18b22d,a0000000-0000-0000-0000-000000000001,,5d7f4243-9bdd-44c3-b076-79cea7850cf1,4,244,0,244,2026-06-15,pendente,crediario,,,2026-03-15T02:32:28.732562+00:00,2026-03-15T02:32:28.732562+00:00,
cd6fdb38-eaff-4d63-ad82-be2f1f8c960e,a0000000-0000-0000-0000-000000000001,,5d7f4243-9bdd-44c3-b076-79cea7850cf1,5,244,0,244,2026-07-15,pendente,crediario,,,2026-03-15T02:32:28.732562+00:00,2026-03-15T02:32:28.732562+00:00,
0e8698e7-5ccc-4b55-88b6-b63ef33230c0,a0000000-0000-0000-0000-000000000001,49516110-9986-4ebe-8447-8bb2ab272578,6c9c1861-50f6-4bf4-9e5a-0eedbb67aab7,1,260,0,260,2026-04-15,pendente,crediario,,,2026-03-15T02:35:07.268464+00:00,2026-03-15T02:35:07.268464+00:00,
49b1d905-e13a-4596-851b-c7f532c135af,a0000000-0000-0000-0000-000000000001,49516110-9986-4ebe-8447-8bb2ab272578,6c9c1861-50f6-4bf4-9e5a-0eedbb67aab7,2,260,0,260,2026-05-15,pendente,crediario,,,2026-03-15T02:35:07.268464+00:00,2026-03-15T02:35:07.268464+00:00,
a033314d-6540-412d-adb7-c6a81ff00340,a0000000-0000-0000-0000-000000000001,49516110-9986-4ebe-8447-8bb2ab272578,6c9c1861-50f6-4bf4-9e5a-0eedbb67aab7,3,260,0,260,2026-06-15,pendente,crediario,,,2026-03-15T02:35:07.268464+00:00,2026-03-15T02:35:07.268464+00:00,
e4c35f57-ecb8-426a-b974-aded0a7b6c8a,a0000000-0000-0000-0000-000000000001,49516110-9986-4ebe-8447-8bb2ab272578,6c9c1861-50f6-4bf4-9e5a-0eedbb67aab7,4,260,0,260,2026-07-15,pendente,crediario,,,2026-03-15T02:35:07.268464+00:00,2026-03-15T02:35:07.268464+00:00,
301d5550-c9d2-4bcd-b4c5-e0eda538469c,a0000000-0000-0000-0000-000000000001,49516110-9986-4ebe-8447-8bb2ab272578,6c9c1861-50f6-4bf4-9e5a-0eedbb67aab7,5,260,0,260,2026-08-15,pendente,crediario,,,2026-03-15T02:35:07.268464+00:00,2026-03-15T02:35:07.268464+00:00,
3a0fa661-5b8d-44f6-bde7-f236b65d3d6d,a0000000-0000-0000-0000-000000000001,e98b8220-d50b-426a-8945-55f3d1796a67,a07664f2-6a8b-43e1-a8ce-a17467a6bc89,1,245,0,245,2026-04-15,pendente,crediario,,,2026-03-15T02:41:16.571564+00:00,2026-03-15T02:41:16.571564+00:00,
cf55b9a3-aa10-4467-9a3c-353dd01d6be9,a0000000-0000-0000-0000-000000000001,e98b8220-d50b-426a-8945-55f3d1796a67,a07664f2-6a8b-43e1-a8ce-a17467a6bc89,2,245,0,245,2026-05-15,pendente,crediario,,,2026-03-15T02:41:16.571564+00:00,2026-03-15T02:41:16.571564+00:00,
c26d3dc5-7940-4830-87ec-19bf71add409,a0000000-0000-0000-0000-000000000001,e98b8220-d50b-426a-8945-55f3d1796a67,a07664f2-6a8b-43e1-a8ce-a17467a6bc89,3,245,0,245,2026-06-15,pendente,crediario,,,2026-03-15T02:41:16.571564+00:00,2026-03-15T02:41:16.571564+00:00,
a20e914c-fd0f-4db9-a746-3850323eb65a,a0000000-0000-0000-0000-000000000001,f29a0278-0756-4fed-bf4d-8b52fbcaf327,272b3bc5-d0d3-4fab-8ace-6381426eec18,1,500,0,500,2026-04-15,pendente,crediario,,,2026-03-15T02:46:14.927836+00:00,2026-03-15T02:46:14.927836+00:00,
eae0b56a-6e01-4724-9a63-cf5c9c2a480e,a0000000-0000-0000-0000-000000000001,93478b13-b7d7-4f04-b846-f37781832136,07a62bff-756f-4af0-9fa5-627a0805def3,1,355,0,355,2026-04-15,pendente,crediario,,,2026-03-15T02:48:02.238568+00:00,2026-03-15T02:48:02.238568+00:00,
eb863ccc-a200-48f9-86bf-b0625a6a97fd,a0000000-0000-0000-0000-000000000001,,33eac0fd-492c-44af-a770-4c53d75cd08b,1,90,0,90,2026-03-15,pendente,boleto,,,2026-03-15T02:48:27.018544+00:00,2026-03-15T02:48:27.018544+00:00,
94016cf5-b964-42f2-8fb9-c82f31a8214a,a0000000-0000-0000-0000-000000000001,,2d0003ca-a878-43cc-b141-66cdc5a913e0,1,245,0,245,2026-03-15,pendente,boleto,,,2026-03-15T02:49:26.027313+00:00,2026-03-15T02:49:26.027313+00:00,
4b4ad0db-a64b-45e4-8484-cff9737cad58,a0000000-0000-0000-0000-000000000001,,4754c181-8cb3-4bd8-b483-1a7b6e746799,1,75,0,75,2026-03-15,pendente,boleto,,,2026-03-15T02:52:58.758609+00:00,2026-03-15T02:52:58.758609+00:00,
07c78e04-73f5-4b60-9245-a0bc61f1cbfd,a0000000-0000-0000-0000-000000000001,da5d3a54-75c6-49ed-b5be-8deb27f53d0d,6a6520b9-ca6d-419a-8d3c-287604b3eecc,1,260,0,260,2026-04-15,pendente,crediario,,,2026-03-15T03:01:41.0956+00:00,2026-03-15T03:01:41.0956+00:00,
031e9fa5-b1c7-45f1-ab96-d0e50b02eb00,a0000000-0000-0000-0000-000000000001,da5d3a54-75c6-49ed-b5be-8deb27f53d0d,6a6520b9-ca6d-419a-8d3c-287604b3eecc,2,260,0,260,2026-05-15,pendente,crediario,,,2026-03-15T03:01:41.0956+00:00,2026-03-15T03:01:41.0956+00:00,
7d52c000-0d6a-40e5-bda9-c4c70abd9d50,a0000000-0000-0000-0000-000000000001,da5d3a54-75c6-49ed-b5be-8deb27f53d0d,6a6520b9-ca6d-419a-8d3c-287604b3eecc,3,260,0,260,2026-06-15,pendente,crediario,,,2026-03-15T03:01:41.0956+00:00,2026-03-15T03:01:41.0956+00:00,
e83eda38-ae74-4e8a-8a0b-77d0fbe43499,a0000000-0000-0000-0000-000000000001,,df60ddcb-cb17-4645-b0e6-44209e07ed1e,1,314,0,314,2026-03-15,pendente,crediario,,,2026-03-15T03:02:31.98383+00:00,2026-03-15T03:02:31.98383+00:00,
543e3ed4-bfae-42d9-a36e-10537432d160,a0000000-0000-0000-0000-000000000001,,00a2c567-aa49-447f-9100-3b06506f6721,1,1110,0,1110,2026-03-15,pendente,crediario,,,2026-03-15T03:04:32.298458+00:00,2026-03-15T03:04:32.298458+00:00,
b7a4d684-43db-42cf-b976-4eebf0b07c7c,a0000000-0000-0000-0000-000000000001,c0a07577-cae6-49d1-8484-0c22ea2b6ad1,df60ddcb-cb17-4645-b0e6-44209e07ed1e,1,200,0,200,2026-04-15,pendente,crediario,,,2026-03-15T03:04:56.384541+00:00,2026-03-15T03:04:56.384541+00:00,
93348de7-2ee0-456f-bc53-7926438fa4a9,a0000000-0000-0000-0000-000000000001,0fd5f272-73b6-4341-a55d-646849364e2b,84c8730c-6102-4583-ae19-9c00682f1d14,1,325,0,325,2026-04-15,pendente,crediario,,,2026-03-15T03:05:37.426489+00:00,2026-03-15T03:05:37.426489+00:00,
cfc9b03d-9ad3-4a7f-ae2f-85a8c6502174,a0000000-0000-0000-0000-000000000001,a35cf0ea-ce81-4b91-b216-441f0c379e66,1971dced-b72b-4725-a6b0-55c0ad689881,1,50,0,50,2026-04-15,pendente,crediario,,,2026-03-15T03:05:57.859605+00:00,2026-03-15T03:05:57.859605+00:00,
cd3b5997-78a3-42fd-812c-39581db68422,a0000000-0000-0000-0000-000000000001,78300772-d6ad-4782-913f-e773879b139a,558dbe11-cc2b-4474-b035-287d2ab032f9,1,105,0,105,2026-04-15,pendente,crediario,,,2026-03-15T03:06:55.026523+00:00,2026-03-15T03:06:55.026523+00:00,
6aa4741b-60ed-4b13-b70b-2b9b8f80aae2,a0000000-0000-0000-0000-000000000001,c06b8bfb-229a-4972-b889-2a6f25bad6dc,ae0fc445-062e-45d3-9b38-c79714b712cc,1,260,0,260,2026-04-15,pendente,crediario,,,2026-03-15T03:08:30.149772+00:00,2026-03-15T03:08:30.149772+00:00,
4cc4b5c1-88be-42a0-a06f-8ae82dd24dbd,a0000000-0000-0000-0000-000000000001,3bd8b9c1-e092-41cf-ae7c-8b5a492d487a,c8c11fc1-20df-464d-b9f1-d454c5ad35ba,1,277,0,277,2026-04-15,pendente,crediario,,,2026-03-15T03:09:44.684315+00:00,2026-03-15T03:09:44.684315+00:00,
a4a05734-e090-4896-9be9-de9342ecb65f,a0000000-0000-0000-0000-000000000001,,ae0fc445-062e-45d3-9b38-c79714b712cc,1,465,0,465,2026-03-15,pendente,crediario,,,2026-03-15T03:11:10.833529+00:00,2026-03-15T03:11:10.833529+00:00,
d61ee3da-a87a-4390-9e51-46152cf66168,a0000000-0000-0000-0000-000000000001,,01f3ebca-a9a0-41e5-a50d-47c7eb84e21c,1,1014,0,1014,2026-03-15,pendente,boleto,,,2026-03-15T03:14:07.60436+00:00,2026-03-15T03:14:07.60436+00:00,
dcccf1e8-5541-4c80-8448-811da547b0e8,a0000000-0000-0000-0000-000000000001,,558dbe11-cc2b-4474-b035-287d2ab032f9,1,620,0,620,2026-03-15,pendente,crediario,,,2026-03-15T03:15:33.356772+00:00,2026-03-15T03:15:33.356772+00:00,
c6aff6df-9a5e-4fc9-a0f4-737d801ab61c,a0000000-0000-0000-0000-000000000001,a0208306-ed55-4cae-ac28-a0ce5f0a9df7,558dbe11-cc2b-4474-b035-287d2ab032f9,1,280,0,280,2026-04-15,pendente,crediario,,,2026-03-15T03:16:17.741661+00:00,2026-03-15T03:16:17.741661+00:00,
8ffd81f7-f618-450e-967b-d8073cc91ae4,a0000000-0000-0000-0000-000000000001,ffcaf195-600f-47af-9316-c9bb81b85efe,5d21502b-7cec-434c-b7ce-341bcbb3b80e,1,350,0,350,2026-04-15,pendente,crediario,,,2026-03-15T03:17:54.638013+00:00,2026-03-15T03:17:54.638013+00:00,
37e2086c-1999-4835-9c44-ea74f9aa692a,a0000000-0000-0000-0000-000000000001,007c1f91-4678-4dc3-8169-2756647da218,74de369f-1ad8-4417-9c58-fec3991d5ae8,1,700,0,700,2026-04-15,pendente,crediario,,,2026-03-15T03:22:27.851004+00:00,2026-03-15T03:22:27.851004+00:00,
dbcfab40-1cbd-486b-bab4-4096a477b207,a0000000-0000-0000-0000-000000000001,fd93b0b3-90e4-41f2-b907-bef59ae0612a,fe758f3a-d962-48d1-aef7-d8d41705069b,1,615,0,615,2026-04-15,pendente,crediario,,,2026-03-15T03:26:16.672419+00:00,2026-03-15T03:26:16.672419+00:00,
c670d15a-51b8-44b9-81a9-3c8026dd0055,a0000000-0000-0000-0000-000000000001,c4d10401-2ec8-4b47-a0ad-467a9d5d0ddb,5ba0d52b-2791-4741-bc92-533a8c05b40c,1,635,0,635,2026-04-15,pendente,crediario,,,2026-03-15T03:27:25.292081+00:00,2026-03-15T03:27:25.292081+00:00,
aa1b873a-0199-4a43-b934-adc7053f747d,a0000000-0000-0000-0000-000000000001,,d97399ea-5bbe-4842-a2e0-beb09b401829,1,470,0,470,2026-03-15,pendente,crediario,,,2026-03-15T03:28:10.153463+00:00,2026-03-15T03:28:10.153463+00:00,
a67409fe-52db-4a48-90a0-7ef872a1de27,a0000000-0000-0000-0000-000000000001,96d26b08-58ae-4c71-a6b1-f126e95334a6,32587310-74d3-4dc9-8668-45df02dfb9f5,1,270,0,270,2026-04-15,pendente,crediario,,,2026-03-15T03:29:03.840079+00:00,2026-03-15T03:29:03.840079+00:00,
a1e84ecd-0040-46ad-ae22-d65b651e8650,a0000000-0000-0000-0000-000000000001,6b84a089-4a47-4016-9fa2-3ca6dc8f487d,558dbe11-cc2b-4474-b035-287d2ab032f9,1,220,0,220,2026-04-15,pendente,crediario,,,2026-03-15T03:29:53.63703+00:00,2026-03-15T03:29:53.63703+00:00,
06e75edf-d1da-461f-bbc4-d7b094e888df,a0000000-0000-0000-0000-000000000001,b3974d2a-767d-49ef-b989-6cd223769b88,897534b4-e822-477c-bc30-3469707a0126,1,200,0,200,2026-04-15,pendente,crediario,,,2026-03-15T03:30:14.864708+00:00,2026-03-15T03:30:14.864708+00:00,
78cd29cc-4e52-4349-828f-c7a93e4c5dc7,a0000000-0000-0000-0000-000000000001,79853d0e-d29c-4a78-8ab6-9ceec84d069a,18f96ebb-8fe0-4844-91ce-cbf00d2990d8,1,435,0,435,2026-04-15,pendente,crediario,,,2026-03-15T03:31:23.793988+00:00,2026-03-15T03:31:23.793988+00:00,
b69931bc-e6b8-4aa0-ac72-bc4f8b79d9e1,a0000000-0000-0000-0000-000000000001,9c194b97-1dc6-4a37-a708-f1013c646eee,c5727750-3cf2-4525-ac81-e83c5ef06eab,1,500,0,500,2026-04-15,pendente,crediario,,,2026-03-15T03:33:59.595798+00:00,2026-03-15T03:33:59.595798+00:00,
45be3fcb-aa62-4cd9-9200-18ec7ef32b3f,a0000000-0000-0000-0000-000000000001,b2549f32-5937-4c1f-85ca-af33aa510383,19a9a0a0-6ee8-45de-b881-eae0f9a2477f,1,1020,0,1020,2026-04-15,pendente,crediario,,,2026-03-15T03:35:36.92796+00:00,2026-03-15T03:35:36.92796+00:00,
a8b48a90-70de-4a1d-8d34-ab78ea93baac,a0000000-0000-0000-0000-000000000001,7218cb3d-7423-4a23-b0cb-0826e21cd213,5e24aeb1-7f70-44f2-9b18-b97caf972ee1,1,1320,0,1320,2026-04-15,pendente,crediario,,,2026-03-15T03:39:15.723341+00:00,2026-03-15T03:39:15.723341+00:00,
c6932a61-498a-48f2-b2f2-40fc2f051dd4,a0000000-0000-0000-0000-000000000001,bbe34cbd-c564-40d5-9e42-07ff37f1b2bb,2154d263-cd15-4e15-a34b-f5c8343a6012,1,225,0,225,2026-04-15,pendente,crediario,,,2026-03-15T03:44:26.624388+00:00,2026-03-15T03:44:26.624388+00:00,
b6622253-c8a8-41ad-877c-92b5ac957258,a0000000-0000-0000-0000-000000000001,02191adf-52c2-47ac-8c11-63690a80447f,b39f6df7-affc-4daa-aace-200469fc0049,1,650,0,650,2026-04-15,pendente,crediario,,,2026-03-15T03:46:23.76084+00:00,2026-03-15T03:46:23.76084+00:00,
9dcd8ca6-de13-4999-ad86-8ea5e1667b47,a0000000-0000-0000-0000-000000000001,,689ea44f-6a51-4fbe-93a6-984e41f9225f,1,380,0,380,2026-03-15,pendente,crediario,,,2026-03-15T03:46:49.016058+00:00,2026-03-15T03:46:49.016058+00:00,
f6e3934c-e505-476d-a46e-8856bce3b801,a0000000-0000-0000-0000-000000000001,56e3283f-d388-4045-b90b-22433c27b688,2c79ff7f-4f6a-45ad-a485-302ace6640d3,1,500,0,500,2026-04-15,pendente,crediario,,,2026-03-15T03:47:22.288934+00:00,2026-03-15T03:47:22.288934+00:00,
6097e806-ca56-4353-a03d-0b8f76613792,a0000000-0000-0000-0000-000000000001,3f4edfd1-9e24-4415-86e7-2e3d7f74eaae,98a75530-3dc9-4cba-ac3f-d75f14a2257a,1,240,0,240,2026-04-15,pendente,crediario,,,2026-03-15T03:48:40.533091+00:00,2026-03-15T03:48:40.533091+00:00,
1aa1dc47-0dce-431c-b004-ce503589e619,a0000000-0000-0000-0000-000000000001,794bca7e-92a4-4941-b8f6-14ea04222df5,77aa0a55-8ce2-4aef-af35-e1914fea9868,1,760,0,760,2026-04-15,pendente,crediario,,,2026-03-15T11:40:51.254133+00:00,2026-03-15T11:40:51.254133+00:00,
7c38b448-6d5a-44f6-a0e1-29ed53138dca,a0000000-0000-0000-0000-000000000001,b6837e7a-b040-4523-87de-dab3ef7d0f60,e548f096-4a23-4fe8-b9b4-b103f55fa0c2,1,440,0,440,2026-04-16,pendente,crediario,,,2026-03-16T02:23:25.934042+00:00,2026-03-16T02:23:25.934042+00:00,
84121105-d97f-4138-970c-bfe3810ad9ca,a0000000-0000-0000-0000-000000000001,,f8e57ef5-627b-42d2-8834-286e9873335a,1,210,0,210,2026-03-16,pendente,crediario,,,2026-03-16T02:23:51.779048+00:00,2026-03-16T02:23:51.779048+00:00,
d51448e4-8209-419d-a5a1-d9450167b6d6,a0000000-0000-0000-0000-000000000001,,470568af-9056-4223-bd2a-fe2dbf857a58,1,350,0,350,2026-03-16,pendente,crediario,,,2026-03-16T02:24:37.23216+00:00,2026-03-16T02:24:37.23216+00:00,
a0737651-034f-4123-a9f8-2bef36ed05b4,a0000000-0000-0000-0000-000000000001,c655b76b-52b1-4d7b-a607-cbe19ae7a6d4,c051e7e6-4080-43e6-860d-afacb0e83f14,1,1340,0,1340,2026-04-16,pendente,crediario,,,2026-03-16T02:26:43.890152+00:00,2026-03-16T02:26:43.890152+00:00,
1bd42d04-d1b9-4f90-9ca1-ddc63c64d8df,a0000000-0000-0000-0000-000000000001,2afc7b19-f380-472e-9ce7-c9747089a720,d71cb83a-8110-4bba-9ea2-b1b0360fc786,1,840,0,840,2026-04-16,pendente,crediario,,,2026-03-16T02:27:53.263701+00:00,2026-03-16T02:27:53.263701+00:00,
e5a02b47-b25d-47ca-83e0-89b83c2a88e1,a0000000-0000-0000-0000-000000000001,7f2c925a-9074-4c1f-b724-8692385a57dd,c8c11fc1-20df-464d-b9f1-d454c5ad35ba,1,980,0,980,2026-04-16,pendente,crediario,,,2026-03-16T02:29:37.358841+00:00,2026-03-16T02:29:37.358841+00:00,
430969ed-4289-4798-8a8c-b2ae6e9830f0,a0000000-0000-0000-0000-000000000001,15bcd71a-9170-4dec-a3d7-79fad03f4eaa,df60ddcb-cb17-4645-b0e6-44209e07ed1e,1,247,0,247,2026-04-16,pendente,crediario,,,2026-03-16T02:32:20.155975+00:00,2026-03-16T02:32:20.155975+00:00,
5ca17f94-27ee-4243-bc0a-46ecc2428d7e,a0000000-0000-0000-0000-000000000001,752bfc1b-3782-4817-b20d-8980290d21a8,a0c2fd32-9443-42bd-a5af-61cc525ff3ed,1,960,0,960,2026-04-16,pendente,crediario,,,2026-03-16T02:33:22.557075+00:00,2026-03-16T02:33:22.557075+00:00,
047c69ac-734c-464b-8992-e01141d5b7ee,a0000000-0000-0000-0000-000000000001,,1437f6ac-59ea-4f34-87a2-a0c1618df856,1,300,0,300,2026-03-16,pendente,crediario,,,2026-03-16T02:34:20.141898+00:00,2026-03-16T02:34:20.141898+00:00,
76939e90-bc82-4040-aebf-a63667731878,a0000000-0000-0000-0000-000000000001,3f0a4dcc-26b0-4102-a845-b50bb6b0f867,33bdc1b4-48de-4739-8919-b03902f3c6ed,1,200,0,200,2026-04-16,pendente,crediario,,,2026-03-16T02:34:55.905625+00:00,2026-03-16T02:34:55.905625+00:00,
91a7fc3e-dce7-4c04-a971-c8f61bef40c2,a0000000-0000-0000-0000-000000000001,f1c67a94-0ad7-47fe-9a6c-b4fa8098dcc9,35b0c8bf-b250-4a02-af10-ae84a7c2c246,1,540,0,540,2026-04-16,pendente,crediario,,,2026-03-16T02:36:28.635088+00:00,2026-03-16T02:36:28.635088+00:00,
4b9b7543-b238-4bba-a1cc-ed927c4967c0,a0000000-0000-0000-0000-000000000001,90daf3ee-976f-4dbc-8d89-cb7e5442a75c,c9479253-ff0c-413a-a305-92c3e3fca822,1,450,0,450,2026-04-16,pendente,crediario,,,2026-03-16T02:37:55.12488+00:00,2026-03-16T02:37:55.12488+00:00,
99166581-2c68-4a03-8b6c-84b330a31ec0,a0000000-0000-0000-0000-000000000001,,4744781d-cac1-4cb2-af49-f375ab1e2c4f,1,80,0,80,2026-03-16,pendente,crediario,,,2026-03-16T02:38:09.858734+00:00,2026-03-16T02:38:09.858734+00:00,
f1918e4a-9027-448f-b47c-bacaf2362885,a0000000-0000-0000-0000-000000000001,9ae74986-883f-40be-b2fa-a82fb6a23322,435bd8fb-be34-42ce-b9db-a43d392f3881,1,360,0,360,2026-04-16,pendente,crediario,,,2026-03-16T02:39:14.937397+00:00,2026-03-16T02:39:14.937397+00:00,
03e77743-e343-4da5-9e6b-213f1c45c083,a0000000-0000-0000-0000-000000000001,ae8fbcd1-8849-4a7a-bcb9-a03ecbba78be,2d0003ca-a878-43cc-b141-66cdc5a913e0,1,1090,0,1090,2026-04-16,pendente,crediario,,,2026-03-16T02:41:24.497813+00:00,2026-03-16T02:41:24.497813+00:00,
c694144f-ce9b-467a-869d-663486da9a2f,a0000000-0000-0000-0000-000000000001,b74c72d9-b401-4e02-b866-d41e6c296dad,33eac0fd-492c-44af-a770-4c53d75cd08b,1,105,0,105,2026-04-16,pendente,crediario,,,2026-03-16T02:42:02.582015+00:00,2026-03-16T02:42:02.582015+00:00,
3e15cc06-0896-4386-bc1a-4c00c7fbbf0d,a0000000-0000-0000-0000-000000000001,ff8b69fc-9ad1-4d9d-9156-f601ef872588,bb194af4-8ebc-4258-865e-fa49a35acf5d,1,420,0,420,2026-04-16,pendente,crediario,,,2026-03-16T02:44:49.522992+00:00,2026-03-16T02:44:49.522992+00:00,
f55dd19e-3435-4438-842f-2ba78ee5580b,a0000000-0000-0000-0000-000000000001,8738a656-0f70-4729-a301-60474f45379c,77aa0a55-8ce2-4aef-af35-e1914fea9868,1,420,0,420,2026-04-16,pendente,crediario,,,2026-03-16T02:45:45.904264+00:00,2026-03-16T02:45:45.904264+00:00,
2ac4bf85-a6de-4346-a06e-f08aca4b92f9,a0000000-0000-0000-0000-000000000001,6155a851-870d-4723-8b04-65cb54d946bd,4fc1d59c-112e-4961-9ebf-f25134f8ed95,1,1685,0,1685,2026-04-16,pendente,crediario,,,2026-03-16T02:47:39.674683+00:00,2026-03-16T02:47:39.674683+00:00,
41dc541d-553b-44c1-a65e-e4a717f7e111,a0000000-0000-0000-0000-000000000001,5c23fc5a-93d0-4d07-82f4-f5049250df14,00a2c567-aa49-447f-9100-3b06506f6721,1,230,0,230,2026-04-16,pendente,crediario,,,2026-03-16T02:48:15.457421+00:00,2026-03-16T02:48:15.457421+00:00,
79b47726-fc92-46e3-ab56-75db6106812a,a0000000-0000-0000-0000-000000000001,628cacc9-c306-4d18-b71d-e85144ddc873,ae0fc445-062e-45d3-9b38-c79714b712cc,1,200,0,200,2026-04-16,pendente,crediario,,,2026-03-16T02:49:10.948082+00:00,2026-03-16T02:49:10.948082+00:00,
a7c0c860-b3eb-4cc5-97b2-e77808c3dd46,a0000000-0000-0000-0000-000000000001,4ed85331-5602-4609-ad15-9ae5168c242c,177c6ce2-2ffe-4304-ab09-ba11814d7a65,1,60,0,60,2026-04-16,pendente,crediario,,,2026-03-16T02:49:29.546982+00:00,2026-03-16T02:49:29.546982+00:00,
95e1118f-501c-42cf-a049-6007106afa57,a0000000-0000-0000-0000-000000000001,e201121f-2ab7-4876-91cb-d85b202c968c,2f28a951-7efa-4f49-8836-62b8b02d5abb,1,200,0,200,2026-04-19,pendente,crediario,,,2026-03-19T23:32:54.826066+00:00,2026-03-19T23:32:54.826066+00:00,
bf45afb8-76d4-4408-9bae-082c0fd2b391,a0000000-0000-0000-0000-000000000001,41a317df-e91a-4c88-8cf3-040a357a7787,93f602c3-3526-41fa-ac10-1be7f1d505a9,1,410,0,410,2026-04-20,pendente,crediario,,,2026-03-20T00:43:20.306194+00:00,2026-03-20T00:43:20.306194+00:00,
119ddaa4-1ba1-4eaf-97ae-ae152191a4c9,a0000000-0000-0000-0000-000000000001,6e7faaf0-4eec-4bbd-af22-dd1c54427af7,09d20a15-cb29-4daa-8e0e-9256689b47ef,1,500,0,500,2026-04-20,pendente,crediario,,,2026-03-20T00:44:00.737191+00:00,2026-03-20T00:44:00.737191+00:00,
646ad8f5-5546-4672-97e6-5a3ceff369c7,a0000000-0000-0000-0000-000000000001,03e58e0d-f5b2-4de0-85ee-84ab96eecccc,73c8373d-50d8-4ece-a400-421538124ba4,1,1090,0,1090,2026-04-20,pendente,crediario,,,2026-03-20T00:47:29.031707+00:00,2026-03-20T00:47:29.031707+00:00,
981efb5d-dc36-4572-8737-69d298d8dbe7,a0000000-0000-0000-0000-000000000001,0db36ea2-200a-4605-a686-3fda8b911ce6,ec8d4059-03ae-4995-bc0e-f4b2fdd25200,1,1090,0,1090,2026-04-20,pendente,crediario,,,2026-03-20T00:49:10.033241+00:00,2026-03-20T00:49:10.033241+00:00,
14719387-c777-41f6-94f0-e31c1e354fcf,a0000000-0000-0000-0000-000000000001,47124ad2-a3d5-4eba-ae4d-f0673defacac,786b5c4b-76a0-44b5-83cc-f833cea0a59e,1,800,0,800,2026-04-20,pendente,crediario,,,2026-03-20T00:52:19.13696+00:00,2026-03-20T00:52:19.13696+00:00,
abe50078-7be8-4f64-be05-46b75b24cd5c,a0000000-0000-0000-0000-000000000001,14996c38-6324-4334-bd4b-f80ab922e8d7,98d55f75-c96a-4790-ab07-74d63f858054,1,570,0,570,2026-04-20,pendente,crediario,,,2026-03-20T00:53:50.731397+00:00,2026-03-20T00:53:50.731397+00:00,
811e9684-243a-4655-9802-4128d39bb50c,a0000000-0000-0000-0000-000000000001,7a134ffa-22ba-4e01-bb0d-83f7219053bd,53445260-674a-499d-8aa1-871f8edd5358,1,1150,0,1150,2026-04-20,pendente,crediario,,,2026-03-20T00:55:59.862972+00:00,2026-03-20T00:55:59.862972+00:00,
32bcce4e-6eea-470a-9a34-a65525db2446,a0000000-0000-0000-0000-000000000001,ebd6eb2b-db5d-4ca4-800f-dfe85000713c,bc41d502-948e-46d5-9f49-784142b22887,1,290,0,290,2026-04-20,pendente,crediario,,,2026-03-20T22:02:05.505973+00:00,2026-03-20T22:02:05.505973+00:00,
3420086e-b623-4136-a67b-d75f659fb17c,a0000000-0000-0000-0000-000000000001,8a62fdbb-ab5e-44eb-902d-62d0babd88dd,910f6803-985c-404b-a293-4318a67f2d7e,1,200,0,200,2026-04-20,pendente,crediario,,,2026-03-20T22:07:21.612303+00:00,2026-03-20T22:07:21.612303+00:00,
1a18d863-60d9-4904-a80d-24c11ae8072f,a0000000-0000-0000-0000-000000000001,f8b23a21-4474-44dd-ad76-9555dc3ad2d1,4b67e329-1046-453b-9540-c9afcf342f45,1,410,0,410,2026-04-20,pendente,crediario,,,2026-03-20T22:09:38.936464+00:00,2026-03-20T22:09:38.936464+00:00,
d8724b83-f183-4c66-bb42-759a5b30d2f3,a0000000-0000-0000-0000-000000000001,459018ae-6744-4140-b680-1e18e723a9eb,0f6f6fca-dfad-45c1-a589-e5f00d3d57b3,1,535,0,535,2026-04-20,pendente,crediario,,,2026-03-20T22:12:28.132989+00:00,2026-03-20T22:12:28.132989+00:00,
8903e577-587c-46e3-a5bd-a041cd2e8d22,a0000000-0000-0000-0000-000000000001,dbcc585c-f4bd-4652-a5f1-c09f01703247,c41d3c61-0a42-49ec-aa9f-e2b8005be6b6,1,600,0,600,2026-04-20,pendente,crediario,,,2026-03-20T22:14:42.632364+00:00,2026-03-20T22:14:42.632364+00:00,
4cbacf55-4b9f-48c2-9c84-ad700381d02c,a0000000-0000-0000-0000-000000000001,881a1c2f-82ef-4650-979c-361ee10cabf1,7972d1a3-435a-4bc3-8643-cb0ce6dd335d,1,200,0,200,2026-04-20,pendente,crediario,,,2026-03-20T22:15:27.617984+00:00,2026-03-20T22:15:27.617984+00:00,
0d21631b-89c8-463f-9f3a-de77e0700188,a0000000-0000-0000-0000-000000000001,13bab4e3-6452-42ed-8f9b-abadfc5e99e2,f13e8d86-fef0-46b0-ae64-b4fd4615480d,1,600,0,600,2026-04-20,pendente,crediario,,,2026-03-20T22:17:02.403418+00:00,2026-03-20T22:17:02.403418+00:00,
3607c1c9-b4d5-4453-bff8-7d3963869d5f,a0000000-0000-0000-0000-000000000001,4111dba3-1442-47c9-a23e-e8040839deb4,6a6520b9-ca6d-419a-8d3c-287604b3eecc,1,1240,0,1240,2026-04-20,pendente,crediario,,,2026-03-20T22:21:34.086365+00:00,2026-03-20T22:21:34.086365+00:00,
ab0c0352-b259-4b4c-8fc3-3dadce0b095a,a0000000-0000-0000-0000-000000000001,09854de6-4dad-4db5-90d8-472103a09764,d2b9a091-0a93-4b10-bb16-293a624ece32,1,300,0,300,2026-04-20,pendente,crediario,,,2026-03-20T22:23:22.398247+00:00,2026-03-20T22:23:22.398247+00:00,
6d111031-8dde-42ed-b467-aa6e3709c95b,a0000000-0000-0000-0000-000000000001,9dbefbaf-3eee-4651-bb20-d861eb44e146,0081acb1-490d-4ab9-bece-ff9a244f9d43,1,600,0,600,2026-04-24,pendente,crediario,,,2026-03-24T00:28:37.229862+00:00,2026-03-24T00:28:37.229862+00:00,
3355c625-961d-47c8-9b54-0b50fc07e829,a0000000-0000-0000-0000-000000000001,,1d8772a7-3fa2-492b-8267-64bf87facb5e,1,100,100,0,2026-03-15,paga,crediario,,2026-03-17T19:56:26.298763+00:00,2026-03-15T02:37:30.348836+00:00,2026-03-17T19:56:26.298763+00:00,
a15f5268-e17e-42b3-8162-cb0340103510,a0000000-0000-0000-0000-000000000001,,c127b8d3-5e97-45cb-903b-3b2b7dfde3dc,1,100,100,0,2026-03-15,paga,crediario,,2026-03-22T03:06:41.88257+00:00,2026-03-15T03:49:01.00142+00:00,2026-03-22T03:06:41.88257+00:00,
b3e7b6d2-3b90-47ab-b797-e1fc184b19dd,a0000000-0000-0000-0000-000000000001,,a0c2fd32-9443-42bd-a5af-61cc525ff3ed,1,47.5,47.5,0,2026-03-15,paga,boleto,,2026-03-16T13:57:06.910725+00:00,2026-03-15T01:42:13.672073+00:00,2026-03-16T13:57:06.910725+00:00,
8d55ac92-7bec-4fec-a2e0-c14ccd419085,a0000000-0000-0000-0000-000000000001,,5d7f4243-9bdd-44c3-b076-79cea7850cf1,1,244,200,44,2026-03-15,parcial,crediario,,,2026-03-15T02:32:28.732562+00:00,2026-03-17T17:22:50.415074+00:00,
49f6aaf5-7c7f-459f-8e10-fc3cd6f5f5b2,a0000000-0000-0000-0000-000000000001,,3e2377c4-d9e4-4d1d-a88c-ddc27ca177f1,1,240,50,190,2026-03-15,parcial,boleto,,,2026-03-15T02:08:17.623596+00:00,2026-03-22T03:08:32.056786+00:00,
8a6552bc-6d68-4458-b7cf-4cda3f1eab62,a0000000-0000-0000-0000-000000000001,63aa8c02-a58b-4655-babb-fa48edea770d,0081acb1-490d-4ab9-bece-ff9a244f9d43,1,750,600,150,2026-04-15,parcial,crediario,,,2026-03-15T02:17:57.556503+00:00,2026-03-24T00:10:05.53814+00:00,
6fb83d9c-cb55-4702-8a2e-a6117417de42,a0000000-0000-0000-0000-000000000001,35be2836-b7c9-422e-b4c5-336dc822da4e,72f28895-05ff-4abd-8254-f343ab1b2807,1,655,200,455,2026-04-15,parcial,crediario,,,2026-03-15T03:45:14.181716+00:00,2026-03-18T16:15:04.689301+00:00,
9a9bba2f-b091-44fb-87ce-d830c1edd43d,a0000000-0000-0000-0000-000000000001,ab32dbca-de7c-46ee-ac4e-b34a648bd3cf,33bdc1b4-48de-4739-8919-b03902f3c6ed,1,345,200,145,2026-04-15,parcial,crediario,,,2026-03-15T02:51:23.152193+00:00,2026-03-22T03:06:08.468154+00:00,
c42cfb90-ab31-42c8-a05c-5c849aed0d9e,a0000000-0000-0000-0000-000000000001,b353cafc-6b93-41a1-b5dc-88ce998033ac,ee4bba3d-c13c-4784-a726-58d17ac15967,1,460,220,240,2026-04-15,parcial,crediario,,,2026-03-15T03:24:37.186574+00:00,2026-03-22T03:08:17.405121+00:00,
8466653a-02c0-4e4f-a5ac-8fd5a8bc1152,a0000000-0000-0000-0000-000000000001,,bebfbc14-39ab-4bf0-a9ca-79ec33bf629b,1,600,160,440,2026-03-15,parcial,boleto,,,2026-03-15T03:43:10.436572+00:00,2026-03-23T22:28:52.342102+00:00,
357929aa-0724-40aa-afba-5ff30fa2b415,a0000000-0000-0000-0000-000000000001,0a9591d6-824d-465f-82a7-04383f075a93,a0c2fd32-9443-42bd-a5af-61cc525ff3ed,1,500,250,250,2026-04-15,parcial,crediario,,,2026-03-15T02:07:06.6085+00:00,2026-03-16T13:57:42.450492+00:00,
532a9c5f-2bb2-45a8-9daf-1ce40048ba1c,a0000000-0000-0000-0000-000000000001,,32587310-74d3-4dc9-8668-45df02dfb9f5,1,630,200,430,2026-03-15,parcial,crediario,,,2026-03-15T03:14:51.852473+00:00,2026-03-17T19:49:49.407133+00:00,
69b86198-e536-4023-81dc-27a2b6abc83e,a0000000-0000-0000-0000-000000000001,,435bd8fb-be34-42ce-b9db-a43d392f3881,1,640,500,140,2026-03-15,parcial,crediario,,,2026-03-15T02:47:11.59774+00:00,2026-03-17T19:55:12.629804+00:00,
5239ed64-37e6-4ae3-ac77-df22fa23917d,a0000000-0000-0000-0000-000000000001,6f5c5b30-3c62-4e57-a4b5-ea4d9387e4af,51ea0ea1-fda3-4bbf-86b8-ef35ab560036,1,210,70,140,2026-04-15,parcial,crediario,,,2026-03-15T03:33:02.305831+00:00,2026-03-17T19:57:38.758291+00:00,
1a5e773f-1c8e-4f45-8b5d-3b12fff95276,a0000000-0000-0000-0000-000000000001,bf55fcb3-4cc0-4822-ab2c-f25eb79e0d27,fe7b8b62-7ef9-463b-aa23-59b89d10982f,1,600,200,400,2026-04-16,parcial,crediario,,,2026-03-16T02:39:51.86972+00:00,2026-03-17T19:58:11.804366+00:00,
f1ed7ce7-ef70-4e59-b924-c7dd94210b1a,a0000000-0000-0000-0000-000000000001,bf6c4010-ba80-4119-a7d5-ba504dab0a11,8b99aa9c-807d-41d5-8271-2ab69b07a87f,1,1080,300,780,2026-04-19,parcial,crediario,,,2026-03-19T13:40:44.742961+00:00,2026-03-20T01:06:21.692103+00:00,
6f91db4b-f45b-4d89-840e-e73c419de1a1,a0000000-0000-0000-0000-000000000001,a41eacb3-a497-41ab-84a1-29245ef43dc9,c127b8d3-5e97-45cb-903b-3b2b7dfde3dc,1,210,50,160,2026-04-22,parcial,crediario,,,2026-03-22T03:07:29.095224+00:00,2026-03-22T03:07:53.864992+00:00,